"","mean.D75","mean.D150","mean.D300","mean.D500","mean.D700","mean.D1000","mean.D1300","mean.D1600","mean.D2000","mean.D3000","mean.D4000","x","mean.correction_factor","y","area","bottom_area"
"2.4",0.697893857955933,1.02618312835693,1.49088299274445,1.92841351032257,2.29474782943726,2.70046973228455,3.02762770652771,3.35864281654358,3.68636417388916,4.42416572570801,4.68438673019409,0,1.00029182434082,12200,39842.6160219796,39854.2430671368
"3.4",0.653686285018921,0.934928894042969,1.31792032718658,1.72580540180206,2.08413910865784,2.52625870704651,2.18585085868835,1.62377345561981,1.85067272186279,2.40728068351746,2.61687159538269,0,1.00046801567078,12000,39873.4872110449,39892.1486279082
"4.4",-9999,-9999,-9999,3.70955991744995,3.60611200332642,3.60157179832458,3.93896532058716,4.2327036857605,4.19825077056885,3.6165087223053,3.55806040763855,0,1.00495219230652,11800,39858.6357813068,40056.0234107713
"5.4",-9999,-9999,-9999,2.95675921440125,2.11352849006653,2.32544326782227,1.55631625652313,1.41808950901031,3.29131460189819,2.60418009757996,2.88321661949158,0,1.00453746318817,11600,39858.4263326051,40039.2824748277
"6.4",-9999,-9999,-9999,-9999,-9999,-9999,0.0208109468221664,0.178673163056374,4.41122817993164,4.28490543365479,4.77595996856689,0,1.00195229053497,11400,39858.5658804713,39936.3813813773
"7.4",-9999,-9999,0.00819129683077335,0.319934785366058,1.3379944562912,2.8681423664093,3.20573878288269,3.34459233283997,3.65965175628662,3.47360420227051,3.72907280921936,0,1.00146627426147,11200,39858.3423896292,39916.7856511802
"8.4",-9999,-9999,0.00936326570808887,0.323149442672729,1.2808837890625,3.36882638931274,3.71871376037598,4.02755212783813,4.38853359222412,4.66241407394409,4.83963489532471,0,1.00071609020233,11000,39857.1122513292,39885.6535389056
"9.4",-9999,-9999,0.01265549659729,0.316902995109558,1.3082822561264,2.76825046539307,3.16313290596008,3.2138466835022,3.47001552581787,4.09836530685425,4.68908929824829,0,1.00170135498047,10800,39856.1649204921,39923.974405182
"10.4",0.817897617816925,0.980634212493896,0.35269421339035,0.637521743774414,1.3851215839386,2.90180921554565,3.1058144569397,3.43669676780701,3.69065403938293,4.12609815597534,4.45042371749878,0,1.00087773799896,10600,39866.5033688769,39901.4957137695
"11.4",1.55982601642609,1.77256977558136,1.86135339736938,1.31254541873932,1.91978287696838,2.71596145629883,3.0876042842865,3.19717741012573,3.54523587226868,3.99494481086731,4.50630283355713,0,1.00102841854095,10400,39856.9553209916,39897.9449528297
"12.4",1.04177749156952,1.31153810024261,1.567458152771,1.14895141124725,1.73182678222656,2.75849556922913,3.07901287078857,3.05881500244141,3.01848292350769,3.09662818908691,3.47305846214294,0,1.00092315673828,10200,39856.9557793736,39893.7499966688
"13.4",0.535986602306366,0.793302893638611,1.10160183906555,1.45348465442657,1.59150755405426,1.00191938877106,0.652544140815735,0.54055267572403,0.720290303230286,0.914977431297302,1.29829394817352,0,1.00065684318542,10000,39858.2615294158,39884.4421568843
"14.4",0.593970835208893,0.746937811374664,0.873491168022156,1.23777854442596,1.50700962543488,1.74796509742737,1.32507932186127,1.23950171470642,1.39413905143738,1.65447866916656,1.73755586147308,0,1.00073051452637,9800,39858.5194671527,39887.6366946229
"15.4",0.886934101581573,0.981611430644989,1.11031210422516,1.11153614521027,1.23190796375275,1.49778151512146,1.70897722244263,1.93580257892609,2.21681809425354,2.68338203430176,3.12039637565613,0,1.00084173679352,9600,39858.4893887937,39892.0397458463
"16.4",0.950545847415924,0.908435344696045,1.12283289432526,1.23183751106262,1.34182512760162,1.3225691318512,1.18302345275879,1.26948595046997,1.1966347694397,1.46614992618561,1.8615734577179,0,1.00057256221771,9400,39858.41192054,39881.2333412638
"17.4",0.803628504276276,1.02315044403076,0.607914626598358,0.808572292327881,0.775556266307831,0.882220983505249,0.705388486385345,0.8242546916008,1.01425743103027,1.50584733486176,2.1560263633728,0,1.00044786930084,9200,39858.3937504739,39876.2451014156
"18.4",0.514896214008331,0.681675314903259,0.862824380397797,1.17107629776001,1.40899252891541,1.63275969028473,1.75017154216766,1.79435503482819,2.14182305335999,2.95450305938721,3.59731340408325,0,1.00079953670502,9000,39858.476847358,39890.3451626036
"19.4",0.482540488243103,0.739239811897278,1.11225068569183,1.60436260700226,1.83869969844818,1.76898956298828,1.45367658138275,1.24938488006592,1.37933254241943,1.94638276100159,2.44521403312683,0,1.00133395195007,8800,39858.8919192776,39912.0617658811
"20.4",-9999,-9999,-9999,-9999,-9999,0.264798492193222,0.524283945560455,0.872939765453339,1.22346758842468,2.00778937339783,2.6366548538208,0,1.00028538703918,8600,39859.2961721048,39870.6714986233
"21.4",0.561882555484772,0.66966325044632,1.11677038669586,1.57960450649261,1.71220147609711,0.382224321365356,0.674625635147095,0.986535906791687,1.36270391941071,2.23533844947815,2.84612607955933,0,1.0005624294281,8400,39858.7355203182,39881.1532461417
"22.4",0.528432190418243,0.79029506444931,1.19253170490265,1.61326944828033,2.01488709449768,1.88843631744385,2.25467276573181,2.54952836036682,2.77230596542358,3.18990707397461,3.89895486831665,0,1.00140535831451,8200,39858.6327724382,39914.6484334101
"23.4",0.573374390602112,0.77083283662796,1.11751759052277,1.57227718830109,1.90386486053467,2.44102025032043,2.82009172439575,3.24630379676819,3.72281956672668,4.29098272323608,4.92958545684814,0,1.00127518177032,8000,39858.3799767159,39909.2066562569
"24.4",0.527689397335052,0.780190527439117,1.1375378370285,1.57608199119568,2.0040066242218,2.51774859428406,2.94813203811646,3.30301070213318,3.74488997459412,4.3457145690918,4.81546640396118,0,1.00183057785034,7800,39858.4619272314,39931.4259447841
"25.4",0.41045069694519,0.551694333553314,0.935271143913269,1.46623289585114,1.51689755916595,2.11307454109192,2.31809854507446,2.6105420589447,3.0750093460083,3.47292804718018,2.87516927719116,0,1.0061069726944,7600,39858.5806193054,40101.9958827849
"26.4",0.279593676328659,0.342549979686737,0.688226521015167,0.69639664888382,1.17185878753662,1.77894246578217,2.29500150680542,2.28666543960571,2.14812564849854,1.72758913040161,1.548220038414,0,1.00686717033386,7400,39858.6551658809,40132.3713401837
"27.4",-9999,0.413477391004562,0.910766899585724,1.4717048406601,0.732404828071594,0.670958399772644,0.703277707099915,0.678757786750793,0.703269064426422,0.876406192779541,1.45806515216827,0,1.00183367729187,7200,39858.6850169934,39931.7729825929
"28.4",-9999,-9999,0.0636367797851562,0.648384094238281,0.15275564789772,0.461229026317596,0.447663933038712,0.643250048160553,0.954549133777618,1.59292137622833,1.70936942100525,0,1.0008590221405,7000,39858.6874622963,39892.9269573178
"29.4",0.852721750736237,1.22347617149353,1.78272044658661,2.35764908790588,2.83415985107422,0.274959206581116,0.685412168502808,0.818454086780548,0.787101626396179,0.81160306930542,0.994990646839142,0,1.00119864940643,6800,39858.6307954304,39906.4073195746
"30.4",0.677966177463531,1.05201184749603,1.6116783618927,2.09636044502258,2.4564380645752,2.90211629867554,3.41589593887329,3.62907552719116,3.32228398323059,3.66414165496826,2.35630679130554,0,1.0035674571991,6600,39858.4138228819,40000.6070082189
"31.4",0.821425378322601,1.20002174377441,1.72009825706482,2.17244291305542,2.64565181732178,3.24956297874451,3.75929927825928,4.08798360824585,4.58595037460327,5.38105487823486,4.90453290939331,0,1.00152659416199,6400,39857.9024603888,39918.7493015939
"32.4",0.862470626831055,1.17697525024414,1.73509228229523,2.20017313957214,2.671311378479,3.27176856994629,3.68835067749023,3.93530321121216,4.21939516067505,3.09360957145691,2.71719717979431,0,1.00510489940643,6200,39859.9289391488,40063.4098667307
"33.4",0.192688539624214,0.323712378740311,0.753496289253235,1.0494419336319,1.51474630832672,2.10785722732544,0.901850819587708,1.10629892349243,1.42336714267731,1.45002114772797,1.46798360347748,0,1.00150990486145,6000,39859.2106724381,39919.394288406
"34.4",-9999,-9999,-9999,-9999,-9999,0.474624633789062,0.119527295231819,0.370614558458328,0.506183266639709,0.696704626083374,1.15756750106812,0,1.00036764144897,5800,39858.278190501,39872.9317456486
"35.4",-9999,-9999,-9999,-9999,-9999,0.153358459472656,0.310868710279465,0.606781184673309,1.10106694698334,1.22387051582336,0.551035642623901,0,1.0001312494278,5600,39858.3477865383,39863.5791718782
"36.4",-9999,-9999,-9999,-9999,-9999,-9999,-9999,-9999,-9999,-9999,0.251719415187836,0,1.00002062320709,5400,39858.5934012756,39859.4154133017
"37.4",0.99820339679718,1.30287992954254,1.46141052246094,1.99506437778473,2.43202090263367,2.6251220703125,3.08725118637085,3.07251191139221,3.14600038528442,2.03470611572266,1.50252914428711,0,1.00574672222137,5200,39858.6544103846,40087.7110253988
"38.4",1.11587727069855,1.42662036418915,1.82352757453918,2.32129836082458,2.75057578086853,3.16894674301147,3.42198324203491,3.71257066726685,3.97349309921265,4.69557046890259,4.52652883529663,0,1.00355100631714,5000,39858.6800333187,40000.2184579098
"39.4",1.14028704166412,1.44774866104126,1.88541638851166,2.36939167976379,2.7899444103241,3.26834273338318,3.67144107818604,3.84429240226746,4.0210657119751,4.5457444190979,4.7522611618042,0,1.002925157547,4800,39858.6738160476,39975.2667165739
"40.4",1.1666020154953,1.48501694202423,1.92846858501434,2.42423367500305,2.83481764793396,3.2946720123291,3.62865996360779,3.72748589515686,3.92087316513062,3.86353778839111,4.25865888595581,0,1.00192999839783,4600,39858.6759806946,39935.6031614768
"41.4",0.62977796792984,0.833842098712921,1.17594158649445,1.64154243469238,2.02614498138428,2.49837517738342,2.89342546463013,3.18262314796448,3.45444297790527,3.96689224243164,3.80928683280945,0,1.00221157073975,4400,39858.6807195768,39946.8310115811
"42.4",0.640685439109802,0.968190610408783,1.49643743038177,1.97728562355042,2.3658082485199,2.81263446807861,3.23790311813354,3.50185227394104,3.8255033493042,4.35320997238159,4.27016019821167,0,1.00237619876862,4200,39858.6914486215,39953.4036221603
"43.4",0.736514151096344,1.0950825214386,1.58258140087128,2.05496668815613,2.39668107032776,2.84927320480347,3.20792484283447,3.53526616096497,3.74755215644836,4.37770652770996,4.74239921569824,0,1.00210881233215,4000,39858.6976438686,39942.7521570036
"44.4",0.576531052589417,0.912850618362427,1.42646741867065,1.94781410694122,2.35827326774597,2.8182258605957,3.14571404457092,3.24832201004028,3.59006237983704,4.30443525314331,4.87093639373779,0,1.00079071521759,3800,39858.6735709608,39890.1904307063
"45.4",0.692638635635376,1.07553827762604,1.62114417552948,2.1402370929718,2.51272010803223,2.95321154594421,3.35406970977783,3.63848853111267,4.02253293991089,4.65961837768555,5.01320457458496,0,1.00035178661346,3600,39858.6587277204,39872.6804702914
"46.4",0.874111473560333,1.24077093601227,1.78163802623749,2.29367136955261,2.64976048469543,3.13150763511658,3.52270245552063,3.83831691741943,4.21124744415283,4.59241199493408,4.42392206192017,0,1.00089359283447,3400,39858.6628579274,39894.2802734489
"47.4",0.930761694908142,1.31788718700409,1.8089017868042,2.31257462501526,2.64402937889099,3.07058024406433,3.36271953582764,3.45883965492249,3.6970808506012,4.11482095718384,3.53045392036438,0,1.00178754329681,3200,39858.5904355645,39929.8393917181
"48.4",0.451128453016281,0.796319186687469,1.23853409290314,1.73354363441467,1.9623783826828,2.39730787277222,2.656174659729,2.75786542892456,2.97055339813232,3.31700396537781,2.64347982406616,0,1.00096392631531,3000,39858.7488582879,39897.1697552077
"49.4",0.540114223957062,0.814288556575775,1.33058130741119,1.68606269359589,2.00160455703735,2.24607539176941,2.60499930381775,2.51882672309875,2.18922281265259,2.59679412841797,1.50810539722443,0,1.00242984294891,2800,39858.5800863206,39955.4301760971
"50.4",0.753883302211761,1.16341400146484,1.43812787532806,0.468175649642944,0.431632906198502,0.196410477161407,0.412466526031494,0.578472435474396,0.783775866031647,0.923562288284302,0.832249760627747,0,1.0003787279129,2600,39858.9143271148,39874.0100105485
"51.4",0.288168877363205,0.522085249423981,0.990136444568634,0.342800259590149,0.373253166675568,0.390878140926361,0.48682776093483,0.572832763195038,0.603152215480804,0.767379105091095,1.13856291770935,0,1.00022053718567,2400,39858.8537588343,39867.6441182663
"52.4",0.825087666511536,1.09293043613434,1.27649414539337,1.65384423732758,1.62289547920227,1.56866085529327,1.68958842754364,1.74952781200409,1.77456963062286,2.02546572685242,2.45436215400696,0,1.00054800510406,2200,39858.3661376908,39880.208725774
"53.4",0.708947837352753,0.964898288249969,1.21184659004211,1.45511341094971,1.63675940036774,1.93743789196014,2.19109416007996,2.40725374221802,2.64278817176819,3.16392683982849,3.579913854599,0,1.00062215328217,2000,39858.1938563362,39882.9917624651
"54.4",0.989600658416748,1.24692416191101,1.16998851299286,1.40815758705139,1.47043478488922,1.62631833553314,1.86492526531219,1.78872716426849,1.24897694587708,1.18556237220764,1.35367703437805,0,1.00089478492737,1800,39858.6818485782,39894.346796321
"55.4",-9999,-9999,0.367600053548813,0.123854711651802,0.261951863765717,0.367638856172562,0.495435327291489,0.618843138217926,0.697632789611816,0.950910687446594,1.00065076351166,0,1.00022172927856,1600,39858.7493551597,39867.5872068987
"56.4",1.32971954345703,1.24825668334961,0.616114735603333,0.161088153719902,0.259417533874512,0.382770329713821,0.467884838581085,0.627095818519592,0.778804302215576,1.15918016433716,1.58755552768707,0,1.00016009807587,1400,39859.077270478,39865.4586320548
"57.4",1.05242955684662,1.19938814640045,0.905170202255249,0.636531352996826,0.696807742118835,0.85735410451889,1.04556620121002,1.21331036090851,1.42371773719788,1.93005847930908,2.41446256637573,0,1.00045442581177,1200,39858.7357311547,39876.8485694953
"58.4",1.40803575515747,1.83936667442322,1.22978615760803,1.18726170063019,1.03262519836426,1.08679270744324,1.28069984912872,1.32493150234222,1.50677502155304,2.0162878036499,2.51856136322021,0,1.00066614151001,1000,39858.6068876684,39885.1583602474
"59.4",1.175745844841,1.26093173027039,1.15507006645203,1.13167440891266,1.19462049007416,1.25247275829315,1.37987613677979,1.51370632648468,1.72993993759155,2.24326801300049,2.75592231750488,0,1.00066125392914,800,39858.3737064824,39884.7302127048
"60.4",0.83513605594635,0.776610553264618,0.871497750282288,0.895442843437195,0.921755373477936,1.01381886005402,1.14585363864899,1.26848471164703,1.46104872226715,2.00376415252686,2.55125260353088,0,1.00037717819214,600,39847.3849122375,39862.4144768402
"61.4",0.741304636001587,0.548726677894592,0.656164288520813,0.798556923866272,0.904002487659454,1.03845107555389,1.28644561767578,1.53938591480255,1.85645270347595,2.37379741668701,3.01403188705444,0,1.00071728229523,400,39869.094186604,39897.6915819908
"2.1",0.336975246667862,0.514990508556366,0.566952764987946,0.838721394538879,1.01853096485138,1.23170006275177,1.22498989105225,1.27120542526245,1.26769173145294,1.87177169322968,2.38525772094727,200,1.00081050395966,12200,40491.3060733937,40524.1244372978
"2.1.1",-9999,-9999,-9999,-9999,-9999,-9999,-9999,-9999,-9999,-9999,2.65809369087219,-200,1.00547301769257,12200,39193.9259706512,39408.4350209297
"3.1",0.494937241077423,0.707765936851501,0.909557700157166,1.05771160125732,1.37550783157349,1.66234600543976,1.92478239536285,2.14754700660706,2.47329807281494,2.85433316230774,3.06636571884155,200,1.00056600570679,12000,46358.6573533863,46384.8966180073
"3.1.1",-9999,-9999,-9999,-9999,-9999,-9999,-9999,-9999,-9999,-9999,0.375416666269302,-200,1.00002145767212,12000,33379.9094913341,33380.6257464873
"4.1",1.00752794742584,1.29423630237579,1.64103817939758,1.9160258769989,2.39678001403809,2.67369627952576,2.91777944564819,3.07070827484131,3.28560566902161,3.87581038475037,4.20875930786133,200,1.00164520740509,11800,42658.5059496854,42728.6880395639
"4.1.1",-9999,-9999,-9999,-9999,-9999,-9999,-9999,-9999,-9999,0.696804881095886,0.562697529792786,-200,1.00019645690918,11800,37058.7020365307,37065.982474591
"5.1",0.879319190979004,1.03100895881653,1.45033764839172,1.18543064594269,1.54960894584656,1.89086699485779,1.98766779899597,2.09453392028809,2.65660500526428,2.8435525894165,2.97785925865173,200,1.00318026542664,11600,42475.7880583857,42610.8723386169
"5.1.1",-9999,-9999,-9999,-9999,-9999,-9999,-9999,-9999,-9999,0.221824362874031,0.674107491970062,-200,1.00001633167267,11600,37240.9990491141,37241.6072569204
"6.1",-9999,-9999,-9999,-9999,-9999,-9999,0.0251533724367619,0.174605116248131,3.96416974067688,4.60886812210083,5.27595520019531,200,1.00096464157104,11400,42691.6311168829,42732.813238994
"6.1.1",-9999,-9999,-9999,-9999,-9999,-9999,-9999,-9999,-9999,0.217188566923141,0.615913927555084,-200,1.00001084804535,11400,37025.4060896338,37025.8077429182
"7.1",0.373785883188248,0.481091737747192,0.584423661231995,0.918138861656189,1.38200902938843,1.65085291862488,1.8269989490509,1.89729225635529,2.185138463974,2.79956340789795,3.09068441390991,200,1.0014191865921,11200,43517.4354944252,43579.1948554016
"7.1.1",-9999,-9999,-9999,-9999,-9999,-9999,-9999,-9999,-9999,0.239442586898804,0.541125774383545,-200,1.00001335144043,11200,36199.0449726195,36199.5282820121
"8.1",0.492658793926239,0.730989575386047,0.572618067264557,0.870685219764709,1.47971224784851,2.15509247779846,2.47925925254822,2.76163554191589,3.09708881378174,3.74496293067932,4.21635770797729,200,1.00115370750427,11000,45509.0101809315,45561.5142674893
"8.1.1",-9999,-9999,-9999,-9999,-9999,0.27740478515625,0.67218017578125,1.01203918457031,1.37095642089844,0.0856307074427605,0.384435057640076,-200,1.00001704692841,11000,34204.7737181652,34205.3568044939
"9.1",0.527339994907379,0.681790232658386,0.863495647907257,1.22276508808136,1.61315310001373,2.16993999481201,2.47546648979187,2.74304723739624,3.05412149429321,3.60274982452393,4.12155485153198,200,1.00026154518127,10800,49767.6180005539,49780.6344812255
"9.1.1",-9999,-9999,0.00114215386565775,0.319466382265091,1.18692338466644,2.79877996444702,2.96971225738525,3.30929112434387,3.66728973388672,2.95011854171753,2.98000645637512,-200,1.00307667255402,10800,29943.109682912,30035.2348266553
"10.1",0.609933316707611,0.849714457988739,1.1798939704895,1.5222829580307,1.83442950248718,2.21189403533936,2.56547880172729,2.87615895271301,3.21249890327454,3.36612915992737,3.73647904396057,200,1.00033283233643,10600,53426.8125058375,53444.5946766716
"10.1.1",-9999,-9999,0.00163448229432106,0.309244602918625,1.37355470657349,3.41429996490479,3.80898404121399,4.14854574203491,4.50640535354614,5.21016502380371,5.77783966064453,-200,1.00012743473053,10600,26303.6317202412,26306.9837164614
"11.1",0.839797794818878,1.10993242263794,1.43508267402649,1.81837809085846,2.13276338577271,2.53867554664612,2.88700079917908,3.19208097457886,3.49972486495972,3.17353892326355,3.4915623664856,200,1.00014734268188,10400,50327.863578178,50335.2790205711
"11.1.1",-9999,-9999,0.00165497709531337,0.284495323896408,1.30977129936218,3.55989694595337,3.95457148551941,4.29405736923218,4.65153551101685,5.34979057312012,5.90972995758057,-200,1.00055515766144,10400,29384.9607678875,29401.2740539889
"12.1",-9999,-9999,-9999,0.319086521863937,1.39731454849243,3.7551908493042,4.14985656738281,2.94890928268433,1.45762157440186,1.7203221321106,1.78582572937012,-200,1.00250220298767,10200,33521.4984585717,33605.376052166
"12.1.1",0.656490981578827,0.85602605342865,1.1941704750061,1.55778479576111,1.84380114078522,2.2326192855835,2.56827783584595,2.83727669715881,3.10943841934204,3.74427437782288,4.27220964431763,200,1.00032901763916,10200,46192.0895156637,46207.287527904
"13.1",-9999,-9999,-9999,-9999,-9999,-9999,-9999,-9999,0.190826416015625,0.227134838700294,0.515803277492523,-200,1.00019824504852,10000,35927.9769521579,35935.0994956921
"13.1.1",0.909033834934235,1.14592313766479,1.4428699016571,1.78473889827728,2.03664040565491,2.39459943771362,2.67560887336731,2.82397937774658,3.11475849151611,3.69582104682922,4.22210073471069,200,1.0009388923645,10000,43788.4384951741,43829.5511257306
"14.1",-9999,-9999,-9999,-9999,-9999,-9999,-9999,-9999,-9999,0.346628218889236,0.904148936271667,-200,1.00014412403107,9800,37704.8446473032,37710.2788215045
"14.1.1",0.967877626419067,1.16330051422119,1.40779793262482,1.70985722541809,1.94215428829193,2.2822802066803,2.53985738754272,2.76759696006775,3.00703930854797,3.39568853378296,3.62048101425171,200,1.0012458562851,9800,42012.1736454368,42064.5147760234
"15.1",0.522866010665894,0.660779237747192,0.658891081809998,0.754290759563446,0.974460065364838,0.990377008914948,1.29954874515533,1.11917388439178,0.967160820960999,0.547788202762604,0.841271996498108,-200,1.00073933601379,9600,39383.7290338427,39412.8468430749
"15.1.1",0.472429931163788,0.530974924564362,0.723790526390076,0.972454726696014,1.20367503166199,1.51475787162781,1.73915731906891,1.84622514247894,2.03395080566406,2.06490421295166,2.55997347831726,200,1.00080943107605,9600,40333.2486693636,40365.8956542346
"16.1",0.488582015037537,0.575776875019073,0.820573568344116,1.06093561649323,1.29432356357574,1.59517896175385,1.89480590820312,2.09083414077759,2.38251638412476,3.10224485397339,3.69110202789307,-200,1.00050318241119,9400,41134.9666911662,41155.6650828902
"16.1.1",0.402038425207138,0.649802207946777,0.957061648368835,1.25539600849152,1.46797704696655,1.72375571727753,1.67357432842255,1.5675323009491,1.62288355827332,1.98356366157532,2.5328369140625,200,1.00121104717255,9400,38581.8484553024,38628.5728937858
"17.1",0.75713586807251,0.932852447032928,1.20803761482239,1.33147537708282,1.61012530326843,1.92131888866425,2.0571174621582,2.20061111450195,2.11126351356506,2.21146750450134,2.67297530174255,200,1.00178396701813,9200,36714.6321836337,36780.129876532
"17.1.1",0.388755202293396,0.487856179475784,0.705006122589111,0.916881620883942,1.13759076595306,1.45077514648438,1.6327303647995,1.8044638633728,2.09966421127319,2.84275484085083,3.39222598075867,-200,1.00077784061432,9200,43002.0630381033,43035.5117892338
"18.1",0.834613263607025,1.04684174060822,1.32993948459625,1.67408168315887,1.98673832416534,0.707800507545471,0.900225877761841,1.23286283016205,1.57366740703583,2.28915095329285,2.85931372642517,200,1.00067567825317,9000,34763.3160022795,34786.8048189105
"18.1.1",0.384454101324081,0.506796777248383,0.741233289241791,1.07343769073486,1.30798280239105,1.62631678581238,1.97220706939697,2.27007269859314,2.59193325042725,3.43827152252197,4.12044191360474,-200,1.00075173377991,9000,44953.3083961159,44987.1013165558
"19.1",-9999,-9999,-9999,-9999,-9999,0.828374624252319,1.05879092216492,1.4411952495575,1.88553094863892,2.69654703140259,3.33847284317017,200,1.00031626224518,8800,33089.5045084283,33099.9694694159
"19.1.1",0.758400499820709,1.02504301071167,1.44421136379242,1.88294112682343,2.2473201751709,2.50813055038452,2.71072030067444,3.02630519866943,3.32169556617737,3.67602753639221,4.31792593002319,-200,1.00154376029968,8800,46627.4925130159,46699.4741848312
"20.1",0.803526520729065,1.0284595489502,1.44626367092133,1.90128982067108,2.25777411460876,2.56781649589539,2.79881262779236,2.75132012367249,2.87931060791016,3.4912097454071,4.17296457290649,-200,1.00165224075317,8600,47334.8491025269,47413.0576692594
"20.1.1",-9999,-9999,-9999,-9999,-9999,0.332906424999237,0.63850462436676,0.9815314412117,1.3723738193512,2.24734330177307,2.95480608940125,200,1.00029218196869,8600,32382.6972422153,32392.158882447
"21.1",-9999,-9999,-9999,-9999,-9999,0.397085338830948,0.746583938598633,1.1635764837265,1.59660959243774,2.53140258789062,3.28570866584778,200,1.0001460313797,8400,33058.3658564463,33063.193415223
"21.1.1",0.639175772666931,0.866468131542206,1.31112515926361,1.75060868263245,2.12888216972351,2.48735857009888,2.74727964401245,2.93684411048889,3.35953330993652,4.17164993286133,4.86223316192627,-200,1.00123631954193,8400,46658.2865019515,46715.9710533469
"22.1",-9999,-9999,-9999,-9999,-9999,0.321527898311615,1.31567347049713,1.65746545791626,1.86317038536072,2.63997268676758,3.34512615203857,200,1.00056862831116,8200,34757.8616755307,34777.6259797147
"22.1.1",0.706254065036774,0.94588440656662,1.33905208110809,1.69159519672394,2.09146904945374,2.54496264457703,2.82851600646973,3.23996877670288,3.59796357154846,4.35588788986206,4.54305696487427,-200,1.00183939933777,8200,44959.0339340344,45041.7315512794
"23.1",0.186758562922478,0.393346130847931,0.532082259654999,0.991822183132172,1.40658843517303,0.633300840854645,1.30735206604004,1.59329330921173,1.86713898181915,2.48166418075562,3.23553085327148,200,1.00075221061707,8000,36690.5940435193,36718.1930979053
"23.1.1",-9999,0.28875732421875,0.418851435184479,0.877223968505859,1.28084671497345,1.8246533870697,2.3051962852478,2.72488713264465,3.20973896980286,1.0734851360321,1.76266443729401,-200,1.00596034526825,8000,43026.0815315768,43282.5318330449
"24.1",0.404036194086075,0.523270428180695,0.934519350528717,1.40958523750305,1.76711928844452,2.1406307220459,1.97059118747711,2.07714223861694,2.40567350387573,2.94041705131531,3.61943864822388,200,1.00169456005096,7800,38387.6347422488,38452.684894534
"24.1.1",-9999,-9999,-9999,-9999,-9999,-9999,-9999,-9999,-9999,-9999,-9999,-200,-9999,7800,41329.2775454186,41329.2775454186
"25.1",0.532978355884552,0.771983981132507,1.27617049217224,1.75498569011688,2.2109591960907,2.74577355384827,3.19412732124329,3.39622092247009,3.77567219734192,4.42168045043945,4.07769727706909,200,1.00257623195648,7600,39717.8763095699,39820.1987717622
"25.1.1",-9999,-9999,-9999,-9999,-9999,-9999,-9999,-9999,-9999,-9999,-9999,-200,-9999,7600,39999.2846826538,39999.2846826538
"26.1",0.699496030807495,0.945746839046478,1.47054755687714,2.01646018028259,2.40626525878906,2.93783855438232,3.45358967781067,3.81204319000244,4.10005044937134,4.48372411727905,4.91667604446411,200,1.00260174274445,7400,40684.2667998746,40790.1167958343
"26.1.1",-9999,-9999,-9999,-9999,-9999,-9999,-9999,-9999,-9999,-9999,-9999,-200,-9999,7400,39033.0414528176,39033.0414528176
"27.1",0.698231756687164,0.878797948360443,1.19426310062408,1.71350646018982,2.18299984931946,2.6410391330719,3.04672884941101,3.49756097793579,3.930415391922,4.79814338684082,5.27010536193848,200,1.00201964378357,7200,41343.8196501359,41427.3194384813
"27.1.1",-9999,-9999,-9999,-9999,-9999,-9999,-9999,-9999,-9999,-9999,-9999,-200,-9999,7200,38373.5401303545,38373.5401303545
"28.1",0.962275147438049,1.37350034713745,1.63663220405579,2.07639145851135,2.30478596687317,2.67507266998291,3.14410138130188,3.58175921440125,4.09856843948364,4.74973106384277,5.55904150009155,200,1.00114238262177,7000,41790.9513357766,41838.6925923296
"28.1.1",-9999,-9999,-9999,-9999,-9999,-9999,-9999,-9999,-9999,-9999,-9999,-200,-9999,7000,37926.4075849168,37926.4075849168
"29.1",-9999,-9999,-9999,-9999,-9999,-9999,-9999,-9999,-9999,0.333145827054977,0.51423716545105,-200,1.00016117095947,6800,37529.6056245714,37535.6543071186
"29.1.1",0.822274744510651,1.18497586250305,1.74168646335602,2.3227014541626,2.80492806434631,2.74134540557861,3.21711587905884,3.6384973526001,4.03467798233032,4.69072580337524,5.15046739578247,200,1.00298023223877,6800,42187.6305795163,42313.3595162467
"30.1",-9999,-9999,-9999,-9999,-9999,-9999,-9999,-9999,-9999,0.947885453701019,1.01848137378693,-200,1.00014281272888,6600,36849.0363453701,36854.2988568073
"30.1.1",0.761679649353027,1.11588263511658,1.65289974212646,2.22671794891357,2.70208859443665,3.19438290596008,3.58825302124023,3.93576693534851,4.16467428207397,4.86366128921509,4.79551076889038,200,1.00244915485382,6600,42867.7467409223,42972.7364909252
"31.1",0.541657626628876,0.879265427589417,1.41626179218292,1.93444979190826,2.40716171264648,3.01065731048584,3.43565964698792,3.87821960449219,4.37621927261353,5.17929458618164,5.08136510848999,200,1.00116229057312,6400,44526.4230002835,44578.1756419915
"31.1.1",-9999,-9999,-9999,-9999,-9999,-9999,-9999,-9999,-9999,1.04959881305695,0.902404606342316,-200,1.00044453144073,6400,35189.2608415335,35204.9035743538
"32.1",0.857669949531555,1.20468771457672,1.72278869152069,2.29096102714539,2.76098704338074,3.36002588272095,3.86384844779968,4.30048370361328,4.53195095062256,5.47167539596558,6.18433475494385,200,1.00033748149872,6200,46821.9023070633,46837.7038328268
"32.1.1",-9999,-9999,-9999,-9999,-9999,-9999,-9999,-9999,-9999,1.60830616950989,2.41422343254089,-200,1.00049650669098,6200,32897.5116108283,32913.8454454597
"33.1",1.05030930042267,1.34025979042053,1.80529451370239,2.32850432395935,2.75079107284546,3.21291851997375,3.37431859970093,3.67075109481812,4.14769649505615,5.03577136993408,5.75488710403442,200,1.00135958194733,6000,46639.6936782151,46703.1041637689
"33.1.1",-9999,-9999,-9999,-9999,-9999,-9999,-9999,0.143974304199219,0.37588307261467,0.931599617004395,1.44212603569031,-200,1.00175905227661,6000,33078.186493434,33136.3727526915
"34.1",1.16517317295074,1.48371589183807,1.51572823524475,1.9644490480423,2.37733030319214,2.73292517662048,2.92132949829102,3.01964330673218,3.42990732192993,4.06698417663574,4.81137895584106,200,1.00180816650391,5800,44311.3761301562,44391.4984762168
"34.1.1",-9999,-9999,-9999,-9999,-9999,-9999,-9999,-9999,0.161445617675781,0.802187263965607,1.35786938667297,-200,-9999,5800,35404.9183791429,35404.9183791429
"35.1",1.24834001064301,1.50319182872772,1.91537380218506,2.31488370895386,2.35796356201172,2.11052656173706,2.41115045547485,2.40618896484375,2.61376142501831,3.21271109580994,3.74769854545593,200,1.0016143321991,5600,42547.1641464531,42615.849403515
"35.1.1",-9999,-9999,-9999,-9999,-9999,-9999,-9999,-9999,-9999,-9999,0.260686606168747,-200,1.00006556510925,5600,37169.4491576627,37171.8861766576
"36.1",0.61477792263031,0.809473395347595,1.21526253223419,1.65008342266083,2.04979228973389,2.4799964427948,2.84180998802185,3.23825240135193,3.5497784614563,4.32867097854614,4.78121376037598,200,1.00144708156586,5400,41541.4153137654,41601.5291300856
"36.1.1",-9999,-9999,-9999,-9999,-9999,-9999,-9999,-9999,0.370574951171875,0.150650933384895,0.477444887161255,-200,1.00003778934479,5400,38175.7395128384,38177.1821490214
"37.1",0.80482006072998,1.07921648025513,1.52998745441437,2.01296758651733,2.41925597190857,2.87194204330444,3.17237067222595,3.57502388954163,3.93916130065918,4.72268772125244,5.25209951400757,200,1.00204002857208,5200,40939.3112523705,41022.8286170467
"37.1.1",-9999,-9999,-9999,-9999,-9999,-9999,-9999,0.103692233562469,0.462299793958664,1.10636258125305,1.18628001213074,-200,1.00052726268768,5200,38777.9896172658,38798.4358042943
"38.1",0.783939242362976,1.13545989990234,1.46494269371033,1.98072445392609,2.27276372909546,2.81186151504517,3.27064895629883,3.2819664478302,3.38538932800293,3.32453918457031,3.68499207496643,200,1.00414884090424,5000,40543.9239009172,40712.1341908155
"38.1.1",-9999,-9999,-9999,-9999,-9999,-9999,-9999,0.203525006771088,0.557435572147369,1.01935279369354,1.56740570068359,-200,1.00025725364685,5000,39173.4337095544,39183.5112182358
"39.1",-9999,-9999,-9999,-9999,-9999,-9999,-9999,-9999,-9999,0.295949310064316,0.357746452093124,200,-9999,4800,40198.4941024631,40198.4941024631
"39.1.1",1.15909695625305,1.31949269771576,1.71245801448822,1.77620136737823,1.82276475429535,1.88943314552307,2.0476062297821,1.29121792316437,1.32852351665497,1.04958271980286,1.57126188278198,-200,1.00143873691559,4800,39518.8532582,39575.7104912443
"40.1",-9999,-9999,-9999,-9999,-9999,-9999,-9999,-9999,-9999,0.0739669725298882,0.512418150901794,200,1.00019657611847,4600,39857.775896281,39865.6109831575
"40.1.1",0.621436357498169,0.792497336864471,0.968754529953003,1.08823037147522,1.14544689655304,1.54636299610138,1.91484332084656,2.26104259490967,2.25416040420532,2.38526391983032,3.03990840911865,-200,1.00149130821228,4600,39859.5760505721,39919.0189636743
"41.1",-9999,-9999,-9999,-9999,-9999,-9999,-9999,-9999,-9999,-9999,0.639471769332886,200,1.00009560585022,4400,39518.2389459759,39522.0171208095
"41.1.1",0.851764142513275,0.650638222694397,0.939050018787384,1.35475826263428,1.76373147964478,2.0053768157959,2.24869179725647,1.92149269580841,0.651240825653076,0.639621138572693,1.14656233787537,-200,1.00066864490509,4400,40199.1221850961,40226.0011233343
"42.1",-9999,-9999,-9999,-9999,-9999,-9999,-9999,-9999,-9999,0.0152969360351562,0.379469007253647,200,1.00004434585571,4200,39260.7353834659,39262.4764343724
"42.1.1",0.641546845436096,0.867506563663483,1.39738464355469,1.97092854976654,2.39182281494141,2.6929042339325,3.12071776390076,3.21661043167114,3.01831793785095,0.76007205247879,0.985110640525818,-200,1.00050294399261,4200,40456.6461654454,40476.9935925957
"43.1",-9999,-9999,0.0467147827148438,0.571083068847656,0.985626220703125,0.264973610639572,0.678312480449677,0.673420548439026,1.07467222213745,0.922497451305389,0.399327635765076,200,1.00003957748413,4000,39234.3667507693,39235.9195482968
"43.1.1",-9999,-9999,-9999,-9999,-9999,2.71652984619141,2.87785315513611,3.23782753944397,0.684942901134491,0.644774615764618,1.08567547798157,-200,1.00021708011627,4000,40483.0272750705,40491.8153353385
"44.1",0.544742941856384,0.926202237606049,0.665369033813477,1.18654417991638,1.59597849845886,1.93191564083099,2.33895325660706,2.05540466308594,2.44752287864685,2.37450551986694,3.0400857925415,200,-9999,3800,39505.1688104719,39505.1688104719
"44.1.1",-9999,-9999,-9999,0.426185607910156,0.312904357910156,0.586653888225555,0.746880531311035,0.683189392089844,0.825982868671417,0.931202471256256,1.26434850692749,-200,1.00055623054504,3800,40212.1781004816,40234.5453422239
"45.1",0.593524932861328,0.998492062091827,1.54257690906525,1.64893734455109,2.05379605293274,2.09810495376587,2.28396320343018,2.62241649627686,3.00415992736816,3.08067846298218,3.09843444824219,200,1.00442314147949,3600,39997.45618698,40174.3705945148
"45.1.1",-9999,-9999,-9999,-9999,-9999,-9999,-9999,-9999,0.0758478194475174,0.46271750330925,0.691935420036316,-200,1.00029182434082,3600,39719.8611875549,39731.4524098634
"46.1",0.481028109788895,0.898444771766663,1.38035035133362,1.88958179950714,2.20314836502075,2.40174770355225,2.60295104980469,2.83804225921631,3.20951366424561,3.64923858642578,3.9324803352356,200,1.00189578533173,3400,40598.2286305875,40675.1941569194
"46.1.1",-9999,-9999,-9999,-9999,-9999,-9999,-9999,-9999,0.188658401370049,0.564692378044128,0.782279193401337,-200,1.00028944015503,3400,39119.0948003083,39130.417437172
"47.1",0.673264563083649,1.09209787845612,1.59559655189514,2.09835195541382,2.43401527404785,2.84337520599365,3.157555103302,3.47764778137207,3.83722019195557,4.46456384658813,4.70371389389038,200,1.00049805641174,3200,41294.7999003977,41315.3670402597
"47.1.1",-9999,-9999,-9999,-9999,-9999,-9999,-9999,-9999,-9999,-9999,0.726267993450165,-200,1.00023210048676,3200,38422.3685965687,38431.2864470223
"48.1",0.960702180862427,1.36149549484253,1.85823047161102,2.35222125053406,2.69297456741333,3.10297513008118,3.47241544723511,3.74025011062622,4.08747529983521,4.3820538520813,4.48000574111938,200,1.00154387950897,3000,42049.2655188292,42114.1845182311
"48.1.1",-9999,-9999,-9999,-9999,-9999,-9999,-9999,-9999,-9999,-9999,0.54191392660141,-200,1.00009059906006,3000,37668.1854941398,37671.5981963397
"49.1",-9999,-9999,-9999,-9999,-9999,-9999,-9999,-9999,-9999,-9999,0.67922705411911,-200,1.00010132789612,2800,36897.039514482,36900.778213869
"49.1.1",1.02511751651764,1.39540982246399,1.90965592861176,2.36577033996582,2.6264955997467,3.07260394096375,3.42959070205688,3.69159007072449,3.97601962089539,4.6660008430481,4.79866504669189,200,1.00093352794647,2800,42820.0297583193,42860.0034527674
"50.1",1.02044463157654,1.40284168720245,1.85125589370728,2.20943212509155,2.31133413314819,2.49755382537842,2.72251319885254,2.90356683731079,3.1830677986145,3.75527763366699,4.23104667663574,200,1.00132751464844,2600,43180.1245588884,43237.4468067617
"50.1.1",-9999,-9999,-9999,-9999,-9999,-9999,-9999,-9999,-9999,0.311061799526215,0.395765572786331,-200,1.00003588199615,2600,36537.5955492258,36538.9065910888
"51.1",-9999,-9999,-9999,-9999,-9999,-9999,0.257586419582367,0.370162546634674,0.549321472644806,0.737205505371094,0.496602684259415,-200,1.0001984834671,2400,37106.4437543154,37113.8087699236
"51.1.1",0.856897592544556,0.953761160373688,1.36793541908264,1.63567936420441,1.80722653865814,2.06798887252808,2.35234022140503,2.60418701171875,2.8971700668335,3.40996694564819,3.83486366271973,200,1.0006890296936,2400,42611.2063926831,42640.5667791679
"52.1",-9999,-9999,-9999,-9999,0.109542846679688,0.159295812249184,0.135282918810844,0.291193693876266,0.540594875812531,0.550345480442047,0.664924561977386,-200,1.00012910366058,2200,38853.2782664523,38858.2943669021
"52.1.1",0.803095102310181,0.79718941450119,1.10741555690765,1.50327658653259,1.78930699825287,2.02983355522156,2.28524351119995,2.44548034667969,2.70127487182617,3.07669377326965,3.40736031532288,200,1.00071179866791,2200,40863.4459152892,40892.5324616578
"53.1",0.25834134221077,0.519285500049591,0.814224302768707,0.957693457603455,1.1574010848999,1.18938767910004,1.27251505851746,1.41744124889374,1.53213894367218,1.67186725139618,1.83590793609619,-200,1.00048828125,2000,41348.4495450854,41368.6392177149
"53.1.1",0.695569455623627,0.558638691902161,0.602433979511261,0.858757317066193,1.16181755065918,1.5220183134079,1.80889296531677,2.01994037628174,2.27445673942566,2.78585743904114,3.19607830047607,200,1.00025570392609,2000,38367.9253248572,38377.7361539986
"54.1",0.808176934719086,1.03788030147552,1.42644608020782,1.79079496860504,2.11704921722412,2.47578501701355,2.75022101402283,2.93432021141052,3.15915679931641,3.60909175872803,4.02472162246704,-200,1.00062072277069,1800,43786.6003115475,43813.779651412
"54.1.1",-9999,-9999,0.116839967668056,0.329309612512589,0.648489236831665,0.721773862838745,0.89489620923996,1.10638284683228,1.32329714298248,1.61143231391907,1.81223714351654,200,1.00036823749542,1800,35930.5971099585,35943.8281030473
"55.1",0.800512313842773,1.17406952381134,1.63866651058197,1.93856477737427,2.00695967674255,1.87491869926453,2.03951787948608,2.15188336372375,2.3556649684906,2.84411668777466,3.26856327056885,-200,1.00071465969086,1600,45470.7397701517,45503.2358749788
"55.1.1",-9999,-9999,-9999,-9999,-9999,0.0953985452651978,0.0959297865629196,0.156743749976158,0.226554721593857,0.473735451698303,0.765423119068146,200,1.00003123283386,1600,34246.2818814367,34247.3514898691
"56.1",1.27638804912567,1.65249252319336,2.09230327606201,2.39876627922058,2.38592028617859,2.49397325515747,2.66432785987854,2.83913230895996,3.03365898132324,3.52356123924255,3.97244024276733,-200,1.00122475624084,1400,46021.5850167423,46077.9502402052
"56.1.1",-9999,-9999,-9999,-9999,-9999,0.0330480113625526,0.115764617919922,0.231762811541557,0.411539196968079,0.792097270488739,1.09286737442017,200,1.00004708766937,1400,33695.9398308098,33697.5264940838
"57.1",1.43577754497528,1.84605693817139,2.30835938453674,2.648521900177,2.87498164176941,3.12850761413574,3.33396625518799,3.51460456848145,3.7313346862793,4.15213871002197,4.6237154006958,-200,1.0002236366272,1200,45809.5442148298,45819.7889067915
"57.1.1",-9999,-9999,0.233292996883392,0.465136229991913,0.703895807266235,0.719125270843506,0.694827258586884,0.900969803333282,1.02131330966949,1.41820406913757,1.93242526054382,200,1.00023412704468,1200,33907.4207244813,33915.3593686882
"58.1",1.47715771198273,1.87193989753723,2.31115818023682,2.56786417961121,2.71594333648682,2.85381484031677,3.03193783760071,3.14643669128418,3.35300397872925,3.85424900054932,4.25752592086792,-200,1.00047266483307,1000,45346.2133714333,45367.6469318068
"58.1.1",-9999,-9999,0.215157896280289,0.320428282022476,0.426174938678741,0.645677208900452,0.846442818641663,1.0645751953125,1.32297646999359,1.8914567232132,2.41644048690796,200,1.00008821487427,1000,34370.6701194495,34373.7021237926
"59.1",1.82484936714172,2.24792861938477,2.66955304145813,2.95815992355347,2.98051643371582,2.81315684318542,2.97169184684753,3.12378168106079,3.18352913856506,3.58717894554138,3.82418966293335,-200,1.00134468078613,800,44998.6235147193,45059.132299162
"59.1.1",0.311333209276199,0.443229645490646,0.395117223262787,0.524015426635742,0.641159534454346,0.801955997943878,1.01335334777832,1.21355223655701,1.47017288208008,2.03618216514587,2.56473207473755,200,1.00021767616272,800,34717.9156461209,34725.4729087764
"60.1",2.01989960670471,2.12208819389343,2.22710466384888,2.49743223190308,2.66072773933411,2.10266852378845,2.05423545837402,1.63518869876862,1.42457234859467,1.5157790184021,1.97107672691345,-200,1.00287413597107,600,46140.1260427013,46272.7390386703
"60.1.1",-9999,0.0618753395974636,0.419625610113144,0.329273194074631,0.30377322435379,0.444090932607651,0.609845995903015,0.825632989406586,1.04007613658905,1.50169062614441,1.80997753143311,200,1.0003035068512,600,33554.2668937296,33564.4508436187
"61.1",0.694178819656372,0.708156824111938,0.896406531333923,0.936473429203033,0.880142033100128,0.962756276130676,0.874661922454834,0.873709857463837,0.859329581260681,1.19458448886871,1.67645752429962,-200,1.00054669380188,400,43616.1524234414,43639.9971036332
"61.1.1",-9999,0.235514745116234,0.396157711744308,0.564283788204193,0.725530624389648,1.06527364253998,1.41753876209259,1.64681577682495,1.97643113136292,2.14284062385559,1.73008680343628,200,1.00040292739868,400,36116.8766452894,36131.4291244446
"2.2",-9999,-9999,0.634391486644745,0.645975291728973,0.947924911975861,1.30403304100037,1.3090409040451,1.44430124759674,1.77825367450714,2.31211519241333,2.43270111083984,400,1.00059926509857,12200,41139.9961247519,41164.6498885848
"2.2.1",-9999,-9999,-9999,-9999,-9999,-9999,-9999,-9999,-9999,-9999,0.249071344733238,-400,1.00001287460327,12200,38545.2359192409,38545.7321738613
"3.2",-9999,-9999,0.464271783828735,0.657758176326752,0.903495490550995,1.21150100231171,1.32805001735687,1.24693083763123,0.98180103302002,1.17830049991608,1.54318404197693,400,1.00057852268219,12000,52842.4312801659,52873.0018252435
"3.2.1",-9999,-9999,-9999,-9999,-9999,-9999,-9999,-9999,-9999,-9999,0.0978170484304428,-400,1.00002646446228,12000,26883.9869659208,26884.6984361798
"4.2",0.626042366027832,0.428866356611252,0.78070330619812,0.686271131038666,0.828060388565063,0.913172125816345,1.01869869232178,1.07597899436951,1.1915534734726,1.63145220279694,2.13564777374268,400,1.00063228607178,11800,45458.3604746442,45487.1031628182
"4.2.1",-9999,-9999,-9999,-9999,-9999,-9999,-9999,-9999,-9999,-9999,0.130040735006332,-400,1.00000238418579,11800,34258.758468464,34258.8401477092
"5.2",0.718873500823975,0.91384619474411,1.14713799953461,1.50579941272736,1.73127865791321,2.01061344146729,2.24136805534363,2.39570188522339,2.49798512458801,3.11210823059082,3.52973604202271,400,1.00079417228699,11600,45093.1388577637,45128.9505789778
"5.2.1",-9999,-9999,-9999,-9999,-9999,-9999,-9999,-9999,-9999,0.120913058519363,0.340432405471802,-400,1.00000524520874,11600,34623.5608393317,34623.7424471356
"6.2",0.410887628793716,0.63547545671463,0.864038586616516,0.901265442371368,1.06361937522888,1.20618116855621,1.28442370891571,1.33124673366547,1.54275977611542,2.18958902359009,2.68355798721313,400,1.00052154064178,11400,45524.6805943906,45548.4235655248
"6.2.1",-9999,-9999,-9999,-9999,-9999,-9999,-9999,-9999,-9999,0.170539453625679,0.616841793060303,-400,1.00000035762787,11400,34192.2305396263,34192.2427677209
"7.2",0.809801161289215,0.968601286411285,1.02248060703278,0.92195451259613,1.0766578912735,1.3623788356781,1.63542222976685,1.88896977901459,2.23339700698853,2.97508788108826,3.55995488166809,400,1.00051033496857,11200,47176.4945470109,47200.5703618726
"7.2.1",-9999,-9999,-9999,-9999,-9999,-9999,-9999,-9999,-9999,0.42669677734375,0.79266357421875,-400,-9999,11200,32539.7135036909,32539.7135036909
"8.2",0.608515739440918,0.710874021053314,0.876277327537537,1.15436029434204,1.4416698217392,1.77279019355774,2.05214071273804,2.29461455345154,2.62020754814148,3.2741584777832,3.83020544052124,400,1.0004289150238,11000,51160.8114793776,51182.7551200511
"8.2.1",-9999,-9999,-9999,-9999,-9999,-9999,-9999,-9999,-9999,-9999,-9999,-400,-9999,11000,28552.3617510367,28552.3617510367
"9.2",0.396209180355072,0.560963690280914,0.850915193557739,1.18601322174072,1.51242256164551,1.81128823757172,2.16559958457947,2.33565211296082,2.64642453193665,3.30146718025208,3.79638195037842,400,1.00015199184418,10800,59678.8272517174,59687.8979467298
"9.2.1",-9999,-9999,-9999,-9999,-9999,-9999,-9999,-9999,-9999,-9999,-9999,-400,-9999,10800,20029.7716504913,20029.7716504913
"10.2",0.217590317130089,0.558258056640625,0.774869740009308,0.375385165214539,0.714585840702057,1.13232839107513,1.49180710315704,1.8089816570282,1.66490530967712,0.299826145172119,0.403161257505417,400,1.00000584125519,10600,66986.6945575066,66987.0858438837
"10.2.1",-9999,-9999,-9999,-9999,-9999,-9999,-9999,-9999,-9999,-9999,-9999,-400,-9999,10600,12740.3663934432,12740.3663934432
"11.2",-9999,-9999,-9999,-9999,-9999,-9999,-9999,-9999,-9999,0.346275597810745,0.830842673778534,400,1.00001573562622,10400,60798.5907860473,60799.5474899466
"11.2.1",-9999,-9999,-9999,-9999,-9999,-9999,-9999,-9999,-9999,-9999,-9999,-400,-9999,10400,18912.781854175,18912.781854175
"12.2",-9999,-9999,-9999,-9999,-9999,-9999,-9999,-9999,-9999,-9999,-9999,-400,-9999,10200,27185.9728797823,27185.9728797823
"12.2.1",0.10405545681715,0.359560549259186,0.7116938829422,1.07116854190826,0.723329544067383,1.10918593406677,1.44257378578186,1.22523355484009,1.05098402500153,1.01669764518738,1.14026117324829,400,1.00236093997955,10200,52527.1693211794,52651.1828152425
"13.2",-9999,-9999,-9999,-9999,-9999,-9999,-9999,-9999,-9999,-9999,-9999,-400,-9999,10000,31997.6743580401,31997.6743580401
"13.2.1",0.062835693359375,0.316024780273438,0.344462275505066,0.696903109550476,0.53717052936554,0.918741226196289,1.24834001064301,1.53639888763428,1.86366319656372,1.81391263008118,1.05828130245209,400,-9999,10000,47718.6028704718,47718.6028704718
"14.2",-9999,-9999,-9999,-9999,-9999,-9999,-9999,-9999,-9999,-9999,-9999,-400,-9999,9800,35551.1664684936,35551.1664684936
"14.2.1",-9999,-9999,-9999,-9999,-9999,-9999,-9999,-9999,-9999,-9999,-9999,400,-9999,9800,44165.8190384433,44165.8190384433
"15.2",-9999,-9999,-9999,-9999,-9999,-9999,-9999,-9999,-9999,1.12131500244141,0.719820380210876,-400,-9999,9600,38908.9689307883,38908.9689307883
"15.2.1",-9999,-9999,-9999,-9999,-9999,-9999,-9999,-9999,-9999,0.0708341524004936,0.434106349945068,400,-9999,9600,40808.0073410347,40808.0073410347
"16.2",0.505571722984314,0.462294191122055,0.543075621128082,0.666893541812897,0.901090860366821,1.13708758354187,1.45405399799347,1.72405135631561,1.76049470901489,1.87537515163422,2.12497305870056,-400,1.00118947029114,9400,42411.520116277,42461.9673594573
"16.2.1",-9999,-9999,-9999,-9999,-9999,-9999,-9999,-9999,-9999,0.392080277204514,0.515820324420929,400,-9999,9400,37305.2834361419,37305.2834361419
"17.2",-9999,-9999,-9999,-9999,-9999,-9999,-9999,-9999,-9999,-9999,1.31417846679688,400,-9999,9200,33570.8576899841,33570.8576899841
"17.2.1",0.504667401313782,0.650140345096588,0.812992751598358,1.08663690090179,1.37283492088318,1.79717981815338,1.78889977931976,1.58412039279938,1.94108998775482,2.4428391456604,1.35139095783234,-400,1.00195121765137,9200,46145.7095771655,46235.7499002274
"18.2",-9999,-9999,-9999,-9999,-9999,0.959683418273926,1.21634864807129,1.23444950580597,1.39527928829193,1.88668036460876,2.15718269348145,400,1.00051033496857,9000,29668.0978213772,29683.2384891463
"18.2.1",0.21893310546875,0.33856201171875,0.534136176109314,0.861318409442902,0.651605546474457,0.594422876834869,0.800880610942841,0.897054970264435,1.01167774200439,1.53594183921814,0.668914496898651,-400,1.00174272060394,9000,50048.0924308002,50135.3122726674
"19.2",-9999,-9999,-9999,-9999,-9999,0.218102544546127,0.404744178056717,0.637879014015198,0.962630331516266,1.6012202501297,2.12106323242188,400,1.00042736530304,8800,26319.985961318,26331.2342100944
"19.2.1",-9999,-9999,-9999,-9999,-9999,-9999,0.0178909301757812,0.364562958478928,0.757980346679688,0.464910715818405,0.783608078956604,-400,-9999,8800,53395.9619706124,53395.9619706124
"20.2",-9999,-9999,-9999,-9999,-9999,-9999,-9999,-9999,0.6170774102211,0.438673406839371,0.941439270973206,-400,1.00133740901947,8600,54810.2276998758,54883.5313927609
"20.2.1",-9999,-9999,-9999,-9999,-9999,0.2155991345644,0.417569220066071,0.637864649295807,0.912100970745087,1.67068791389465,2.23701667785645,400,1.0004403591156,8600,24905.9239792451,24916.8915299018
"21.2",-9999,-9999,-9999,-9999,-9999,0.115351654589176,0.245856791734695,0.531514406204224,0.808581590652466,0.965405166149139,1.23986160755157,400,1.00041651725769,8400,26257.8597456738,26268.7965974079
"21.2.1",-9999,-9999,-9999,-9999,-9999,-9999,-9999,-9999,-9999,-9999,-9999,-400,-9999,8400,53457.7010364458,53457.7010364458
"22.2",-9999,-9999,-9999,-9999,-9999,0.101472564041615,0.439480870962143,0.8514763712883,0.652096152305603,0.455720603466034,0.699131369590759,400,1.00022113323212,8200,29657.0289226249,29663.5870772855
"22.2.1",-9999,-9999,-9999,-9999,-9999,-9999,-9999,-9999,-9999,-9999,-9999,-400,-9999,8200,50059.3776107952,50059.3776107952
"23.2",-9999,-9999,-9999,-9999,-9999,-9999,0.708747506141663,1.08941960334778,0.16046829521656,0.472590565681458,0.855085253715515,400,1.00010371208191,8000,33522.7940472625,33526.2707660246
"23.2.1",-9999,-9999,-9999,-9999,-9999,-9999,-9999,-9999,-9999,-9999,-9999,-400,-9999,8000,46193.7648521997,46193.7648521997
"24.2",-9999,-9999,-9999,-9999,-9999,-9999,0.19773730635643,0.404147803783417,0.120554879307747,0.543561816215515,0.987078011035919,400,1.00022006034851,7800,36916.8056294434,36924.9295545561
"24.2.1",-9999,-9999,-9999,-9999,-9999,-9999,-9999,-9999,-9999,-9999,-9999,-400,-9999,7800,42800.0912358835,42800.0912358835
"25.2",-9999,-9999,-9999,-9999,-9999,-9999,-9999,-9999,-9999,0.489044040441513,0.949636816978455,400,1.00019121170044,7600,39577.1724785827,39584.7400970309
"25.2.1",-9999,-9999,-9999,-9999,-9999,-9999,-9999,-9999,-9999,-9999,-9999,-400,-9999,7600,40139.9881852157,40139.9881852157
"26.2",-9999,-9999,-9999,-9999,-9999,-9999,-9999,-9999,-9999,0.268956631422043,0.77988874912262,400,1.0000147819519,7400,41509.8780874759,41510.4916844973
"26.2.1",-9999,-9999,-9999,-9999,-9999,-9999,-9999,-9999,-9999,-9999,-9999,-400,-9999,7400,38207.4273931719,38207.4273931719
"27.2",-9999,-9999,-9999,-9999,-9999,-9999,-9999,-9999,0.120883621275425,0.680702030658722,0.589797556400299,400,1.00015878677368,7200,42828.9532934539,42835.7539647675
"27.2.1",-9999,-9999,-9999,-9999,-9999,-9999,-9999,-9999,-9999,-9999,-9999,-400,-9999,7200,36888.3935045414,36888.3935045414
"28.2",-9999,-9999,-9999,-9999,-9999,-9999,-9999,-9999,-9999,-9999,0.117240898311138,400,-9999,7000,43723.2104562856,43723.2104562856
"28.2.1",-9999,-9999,-9999,-9999,-9999,-9999,-9999,-9999,-9999,-9999,-9999,-400,-9999,7000,35994.1251988597,35994.1251988597
"29.2",-9999,-9999,-9999,-9999,-9999,-9999,-9999,-9999,-9999,-9999,-9999,-400,-9999,6800,35200.5760943443,35200.5760943443
"29.2.1",-9999,-9999,-9999,-9999,-9999,-9999,-9999,-9999,-9999,-9999,-9999,400,-9999,6800,44516.6274987273,44516.6274987273
"30.2",-9999,-9999,-9999,-9999,-9999,-9999,-9999,-9999,-9999,-9999,-9999,-400,-9999,6600,33839.6514410302,33839.6514410302
"30.2.1",-9999,-9999,-9999,-9999,-9999,-9999,-9999,-9999,-9999,-9999,-9999,400,-9999,6600,45877.0722322464,45877.0722322464
"31.2",-9999,-9999,-9999,-9999,-9999,-9999,-9999,-9999,-9999,-9999,-9999,400,-9999,6400,49194.921978794,49194.921978794
"31.2.1",-9999,-9999,-9999,-9999,-9999,-9999,-9999,-9999,-9999,-9999,-9999,-400,-9999,6400,30520.5990428254,30520.5990428254
"32.2",-9999,-9999,-9999,-9999,-9999,-9999,-9999,-9999,-9999,-9999,-9999,400,-9999,6200,53783.8030631095,53783.8030631095
"32.2.1",-9999,-9999,-9999,-9999,-9999,-9999,-9999,-9999,-9999,-9999,-9999,-400,-9999,6200,25935.0202891231,25935.0202891231
"33.2",-9999,-9999,-9999,-9999,-9999,1.52237701416016,2.00575637817383,2.42533493041992,2.89497375488281,3.8837354183197,4.66012573242188,400,-9999,6000,53420.0920923427,53420.0920923427
"33.2.1",-9999,-9999,-9999,-9999,-9999,-9999,-9999,-9999,-9999,-9999,-9999,-400,-9999,6000,26297.0685719326,26297.0685719326
"34.2",1.04284119606018,1.3565856218338,1.68444204330444,2.20228624343872,2.60856604576111,2.96553421020508,3.44117951393127,3.85496068000793,3.96787023544312,4.64314317703247,5.41997051239014,400,1.00071430206299,5800,48764.4248203263,48799.2573495759
"34.2.1",-9999,-9999,-9999,-9999,-9999,-9999,-9999,-9999,-9999,-9999,-9999,-400,-9999,5800,30951.5184692889,30951.5184692889
"35.2",1.2604101896286,1.44507801532745,1.90293979644775,2.32333421707153,2.66600823402405,3.21588349342346,3.68212413787842,3.95123147964478,4.41681575775146,5.24816036224365,5.67277669906616,400,1.00051534175873,5600,45235.966794759,45259.2787774448
"35.2.1",-9999,-9999,-9999,-9999,-9999,-9999,-9999,-9999,-9999,-9999,-9999,-400,-9999,5600,34480.5368173048,34480.5368173048
"36.2",0.711190640926361,0.39675098657608,0.777266204357147,1.12254965305328,1.38678085803986,1.45216369628906,1.7188948392868,1.94805681705475,2.41553163528442,2.74147820472717,3.36710166931152,400,1.00328588485718,5400,43224.2318969443,43366.2617459977
"36.2.1",-9999,-9999,-9999,-9999,-9999,-9999,-9999,-9999,-9999,-9999,-9999,-400,-9999,5400,36492.880295068,36492.880295068
"37.2",-9999,-9999,-9999,-9999,-9999,-9999,-9999,0.182090759277344,0.653816223144531,0.61399906873703,1.08792722225189,400,-9999,5200,42019.9667692855,42019.9667692855
"37.2.1",-9999,-9999,-9999,-9999,-9999,-9999,-9999,-9999,-9999,-9999,0.0827226713299751,-400,-9999,5200,37697.3234988824,37697.3234988824
"38.2",-9999,-9999,-9999,-9999,-9999,-9999,-9999,-9999,-9999,-9999,-9999,400,-9999,5000,41229.1673593,41229.1673593
"38.2.1",-9999,0.270214259624481,0.793794751167297,0.321631669998169,0.735109090805054,0.924281716346741,0.932916641235352,0.881092369556427,0.986741244792938,1.49204754829407,1.69721186161041,-400,1.00044476985931,5000,38488.1869768575,38505.3053623644
"39.2",-9999,-9999,-9999,-9999,-9999,-9999,-9999,-9999,-9999,-9999,-9999,400,-9999,4800,40538.3143435642,40538.3143435642
"39.2.1",-9999,0.155104070901871,0.527377545833588,0.926150739192963,1.13601875305176,1.44990301132202,1.75346231460571,1.97983717918396,2.2231113910675,2.64671349525452,3.11495447158813,-400,1.00194919109344,4800,39179.0326551646,39255.4000766658
"40.2",-9999,-9999,-9999,-9999,-9999,-9999,-9999,-9999,-9999,-9999,-9999,400,-9999,4600,39856.8759057522,39856.8759057522
"40.2.1",-9999,0.487842530012131,0.756139755249023,1.25564885139465,0.772680521011353,1.29459202289581,1.45306396484375,1.8345547914505,2.27047896385193,1.00358092784882,1.69325625896454,-400,1.00304734706879,4600,39860.4760216102,39981.9447263751
"41.2",-9999,-9999,-9999,-9999,-9999,-9999,-9999,-9999,-9999,-9999,-9999,400,-9999,4400,39177.7971210107,39177.7971210107
"41.2.1",-9999,-9999,-9999,-9999,-9999,-9999,-9999,-9999,-9999,-9999,-9999,-400,-9999,4400,40539.5635991991,40539.5635991991
"42.2",-9999,-9999,-9999,-9999,-9999,-9999,-9999,-9999,-9999,-9999,-9999,400,-9999,4200,38662.7790936604,38662.7790936604
"42.2.1",-9999,-9999,-9999,-9999,-9999,-9999,-9999,-9999,-9999,-9999,-9999,-400,-9999,4200,41054.6006577536,41054.6006577536
"43.2",-9999,-9999,-9999,-9999,-9999,-9999,-9999,-9999,-9999,-9999,-9999,400,-9999,4000,38610.0356474519,38610.0356474519
"43.2.1",-9999,-9999,-9999,-9999,-9999,-9999,-9999,-9999,-9999,1.01076483726501,1.60022819042206,-400,-9999,4000,41107.3566960394,41107.3566960394
"44.2",-9999,-9999,-9999,-9999,-9999,-9999,-9999,-9999,-9999,-9999,-9999,400,-9999,3800,39151.6633605435,39151.6633605435
"44.2.1",-9999,-9999,-9999,-9999,-9999,-9999,-9999,-9999,0.249470815062523,1.06270718574524,1.72425997257233,-400,-9999,3800,40565.6832422167,40565.6832422167
"45.2",-9999,-9999,-9999,-9999,-9999,-9999,-9999,-9999,-9999,-9999,-9999,400,-9999,3600,40136.2543336004,40136.2543336004
"45.2.1",-9999,-9999,-9999,-9999,-9999,-9999,-9999,-9999,0.0585861206054688,0.974042236804962,0.529019057750702,-400,-9999,3600,39581.0629333779,39581.0629333779
"46.2",-9999,-9999,-9999,-9999,-9999,-9999,-9999,-9999,-9999,-9999,-9999,400,-9999,3400,41337.794022508,41337.794022508
"46.2.1",-9999,-9999,-9999,-9999,-9999,-9999,-9999,-9999,-9999,-9999,-9999,-400,-9999,3400,38379.5263619795,38379.5263619795
"47.2",-9999,-9999,-9999,-9999,-9999,-9999,-9999,-9999,-9999,-9999,-9999,400,-9999,3200,42731.0073025376,42731.0073025376
"47.2.1",-9999,-9999,-9999,-9999,-9999,-9999,-9999,-9999,-9999,-9999,-9999,-400,-9999,3200,36986.1446948498,36986.1446948498
"48.2",-9999,-9999,-9999,-9999,-9999,-9999,-9999,-9999,-9999,-9999,-9999,400,-9999,3000,44239.7743953913,44239.7743953913
"48.2.1",-9999,-9999,-9999,-9999,-9999,-9999,-9999,-9999,-9999,-9999,-9999,-400,-9999,3000,35477.6143458933,35477.6143458933
"49.2",-9999,-9999,-9999,-9999,-9999,-9999,-9999,-9999,-9999,-9999,-9999,-400,-9999,2800,33935.4834741876,33935.4834741876
"49.2.1",-9999,-9999,-9999,-9999,-9999,-9999,-9999,-9999,-9999,-9999,-9999,400,-9999,2800,45781.47106646,45781.47106646
"50.2",-9999,-9999,-9999,-9999,-9999,-9999,-9999,-9999,-9999,-9999,0.194684073328972,400,-9999,2600,46501.3099137396,46501.3099137396
"50.2.1",-9999,-9999,-9999,-9999,-9999,-9999,-9999,-9999,-9999,-9999,-9999,-400,-9999,2600,33216.2589989901,33216.2589989901
"51.2",-9999,-9999,-9999,-9999,-9999,-9999,-9999,-9999,-9999,-9999,-9999,-400,-9999,2400,34354.0251074433,34354.0251074433
"51.2.1",-9999,-9999,-9999,-9999,-9999,-9999,-9999,0.133430480957031,0.426406860351562,1.23630452156067,1.63379108905792,400,1.00008130073547,2400,45363.5490429029,45367.2371328038
"52.2",-9999,-9999,-9999,-9999,-9999,-9999,-9999,-9999,-9999,-9999,0.27994641661644,-400,1.00000929832458,2200,37848.1881354675,37848.5400602057
"52.2.1",-9999,0.450010299682617,0.751771867275238,0.785661578178406,0.898867785930634,0.551003038883209,0.773352384567261,0.96933901309967,1.05212652683258,1.21275162696838,1.46133160591125,400,1.00069952011108,2200,41868.5247572362,41897.8126323253
"53.2",-9999,-9999,-9999,-9999,-9999,-9999,0.0433197021484375,0.160394594073296,0.223374351859093,0.786377489566803,0.618205785751343,-400,1.00015079975128,2000,42838.7031075135,42845.1631732873
"53.2.1",-9999,0.0564816333353519,0.363618761301041,0.669319331645966,0.959622919559479,1.30756509304047,1.60194325447083,1.8128035068512,2.03842234611511,2.52829217910767,2.89734244346619,400,1.00029444694519,2000,36877.6546387672,36888.5131515214
"54.2",1.00241887569427,1.2948842048645,1.30973494052887,1.46524000167847,1.3613440990448,1.50936639308929,1.46138322353363,1.52753126621246,1.56238222122192,1.72666311264038,1.75582230091095,-400,1.00094771385193,1800,47714.491061762,47759.7107458789
"54.2.1",-9999,-9999,0.139702945947647,0.1863903850317,0.38691058754921,0.479238986968994,0.628638029098511,0.76747065782547,1.00201201438904,1.45546162128448,1.81515264511108,400,1.00008141994476,1800,32002.4846585691,32005.0902991023
"55.2",0.901954889297485,1.01696836948395,1.4644068479538,1.88370203971863,2.01615619659424,2.37830376625061,2.31447577476501,2.53891062736511,2.78300094604492,2.86436104774475,2.91977262496948,-400,1.00114011764526,1600,51082.6506754905,51140.8909068925
"55.2.1",-9999,-9999,-9999,-9999,-9999,0.0469478219747543,0.159248426556587,0.247945964336395,0.398867845535278,0.724877715110779,1.02658748626709,400,1.00001001358032,1600,28633.7348981202,28634.0216243245
"56.2",1.17382073402405,0.967981815338135,1.46945858001709,1.87220966815948,2.16183233261108,2.49773859977722,2.76309752464294,2.97966527938843,3.2201406955719,3.72492027282715,2.33313846588135,-400,-9999,1400,52183.9878513515,52183.9878513515
"56.2.1",-9999,-9999,-9999,-9999,-9999,0.0395181886851788,0.12812477350235,0.205133631825447,0.273650914430618,0.624564051628113,1.03471887111664,400,1.00001227855682,1400,27532.6974422932,27533.0355040832
"57.2",-9999,-9999,-9999,-9999,-9999,-9999,-9999,-9999,-9999,-9999,-9999,-400,-9999,1200,51760.2855051532,51760.2855051532
"57.2.1",-9999,-9999,0.254631042480469,0.359062314033508,0.687082171440125,0.29010197520256,0.151931956410408,0.177022069692612,0.280450493097305,0.802225470542908,1.17174708843231,400,1.00006628036499,1200,27956.0212403014,27957.8741755929
"58.2",-9999,-9999,-9999,-9999,-9999,-9999,-9999,-9999,-9999,-9999,-9999,-400,-9999,1000,50833.7475434244,50833.7475434244
"58.2.1",-9999,0.0459976196289062,0.151300385594368,0.368800848722458,0.622573614120483,0.88624781370163,1.13289654254913,1.31995165348053,1.53610360622406,2.05882239341736,2.57162594795227,400,1.00020480155945,1000,28882.6783608124,28888.5935783817
"59.2",-9999,-9999,-9999,-9999,-9999,-9999,-9999,-9999,-9999,-9999,-9999,-400,-9999,800,50138.8386141062,50138.8386141062
"59.2.1",0.267774224281311,0.448086559772491,0.697925806045532,0.648345708847046,0.975352108478546,1.22071278095245,1.43163120746613,1.64288210868835,1.90247714519501,2.44402956962585,2.938068151474,400,1.00047779083252,800,29577.4228769243,29591.5546984244
"60.2",-9999,-9999,-9999,-9999,-9999,-9999,-9999,-9999,-9999,-9999,-9999,-400,-9999,600,52432.8215881959,52432.8215881959
"60.2.1",0.739766240119934,0.857013046741486,0.869431614875793,0.575091600418091,0.543570160865784,0.873186230659485,1.14239966869354,1.34117269515991,1.57459592819214,2.12824726104736,2.54471230506897,400,1.00032472610474,600,27260.8373875469,27269.6896930836
"61.2",-9999,0.715445399284363,0.751647412776947,0.79632842540741,0.9972203373909,1.55446493625641,2.01002717018127,1.64746010303497,1.13308167457581,1.89055049419403,1.61521530151367,-400,1.00109028816223,400,47362.3498765379,47413.9884859438
"61.2.1",0.676360011100769,0.793157458305359,0.668338894844055,0.955336630344391,1.03667938709259,1.24314379692078,1.31710231304169,1.48632490634918,1.75584614276886,2.09827566146851,2.11814904212952,400,1.00079143047333,400,32363.0400553346,32388.6531514439
"2.3",-9999,-9999,-9999,-9999,-9999,-9999,-9999,-9999,-9999,-9999,-9999,600,-9999,12200,41788.6861762479,41788.6861762479
"2.3.1",-9999,-9999,-9999,-9999,-9999,-9999,-9999,-9999,-9999,-9999,-9999,-600,-9999,12200,37896.5458679199,37896.5458679199
"3.3",-9999,-9999,-9999,-9999,-9999,-9999,-9999,-9999,-9999,-9999,-9999,600,-9999,12000,59326.2052252684,59326.2052252684
"3.3.1",-9999,-9999,-9999,-9999,-9999,-9999,-9999,-9999,-9999,-9999,-9999,-600,-9999,12000,20386.4284852296,20386.4284852296
"4.3",-9999,-9999,0.55268120765686,0.815624713897705,1.08928632736206,1.46793639659882,1.55940675735474,1.7311726808548,2.02076554298401,2.72791314125061,3.26249599456787,600,1.00119352340698,11800,48258.2149812821,48315.8122904415
"4.3.1",-9999,-9999,-9999,-9999,-9999,-9999,-9999,-9999,-9999,-9999,-9999,-600,-9999,11800,31458.814900401,31458.814900401
"5.3",0.314120024442673,0.529484570026398,0.382525622844696,0.710880398750305,0.861671388149261,1.16290414333344,1.40865397453308,1.55006814002991,1.82030642032623,2.31357526779175,2.77198886871338,600,1.00080895423889,11600,47710.4896572893,47749.0852601372
"5.3.1",-9999,-9999,-9999,-9999,-9999,-9999,-9999,-9999,-9999,-9999,-9999,-600,-9999,11600,32006.1226295801,32006.1226295801
"6.3",1.07900583744049,1.14175009727478,1.20313060283661,1.46390950679779,1.70891404151917,1.68339025974274,1.84761571884155,1.89608573913574,2.16485977172852,2.82697057723999,3.36849117279053,600,1.00115501880646,11400,48357.7300717643,48413.5841594348
"6.3.1",-9999,-9999,-9999,-9999,-9999,-9999,-9999,-9999,-9999,-9999,-9999,-600,-9999,11400,31359.0549897408,31359.0549897408
"7.3",1.46034383773804,1.41911351680756,1.64267802238464,1.65051782131195,1.44046759605408,1.35447692871094,1.59483706951141,1.85643839836121,2.19497036933899,2.91623282432556,3.45231199264526,600,1.00102710723877,11200,50835.5535997227,50887.7671648118
"7.3.1",-9999,-9999,-9999,-9999,-9999,-9999,-9999,-9999,-9999,-9999,-9999,-600,-9999,11200,28880.3820345551,28880.3820345551
"8.3",0.202437520027161,0.452702313661575,0.638444006443024,0.673844933509827,0.891070246696472,1.23165690898895,1.3745002746582,1.67330396175385,1.69278931617737,2.19920539855957,2.69553518295288,600,1.0003399848938,11000,56812.5590681527,56831.8744800139
"8.3.1",-9999,-9999,-9999,-9999,-9999,-9999,-9999,-9999,-9999,-9999,-9999,-600,-9999,11000,22899.949784168,22899.949784168
"9.3",-9999,-9999,-9999,-9999,-9999,-9999,-9999,-9999,-9999,-9999,-9999,600,-9999,10800,69590.0902126916,69590.0902126916
"9.3.1",-9999,-9999,-9999,-9999,-9999,-9999,-9999,-9999,-9999,-9999,-9999,-600,-9999,10800,8964.28137232363,8964.28137232363
"10.3",-9999,-9999,-9999,-9999,-9999,-9999,-9999,-9999,-9999,-9999,-9999,600,-9999,10600,80546.5766091272,80546.5766091272
"10.3.1",-9999,-9999,-9999,-9999,-9999,-9999,-9999,-9999,-9999,-9999,-9999,-600,-9999,10600,1307.55533473194,1307.55533473194
"11.3",-9999,-9999,-9999,-9999,-9999,-9999,-9999,-9999,-9999,-9999,-9999,600,-9999,10400,71269.3179938868,71269.3179938868
"11.3.1",-9999,-9999,-9999,-9999,-9999,-9999,-9999,-9999,-9999,-9999,-9999,-600,-9999,10400,7310.25376001,7310.25376001
"12.3",-9999,-9999,-9999,-9999,-9999,-9999,-9999,-9999,-9999,-9999,-9999,-600,-9999,10200,20832.0983242793,20832.0983242793
"12.3.1",-9999,-9999,-9999,-9999,-9999,-9999,-9999,-9999,-9999,-9999,-9999,600,-9999,10200,58862.2491267025,58862.2491267025
"13.3",-9999,-9999,-9999,-9999,-9999,-9999,-9999,-9999,-9999,-9999,-9999,-600,-9999,10000,28067.3717641905,28067.3717641905
"13.3.1",-9999,-9999,-9999,-9999,-9999,-9999,-9999,-9999,-9999,-9999,-9999,600,-9999,10000,51648.7687540501,51648.7687540501
"14.3",-9999,-9999,-9999,-9999,-9999,-9999,-9999,-9999,-9999,-9999,-9999,-600,-9999,9800,33397.4882895574,33397.4882895574
"14.3.1",-9999,-9999,-9999,-9999,-9999,-9999,-9999,-9999,-9999,-9999,-9999,600,-9999,9800,46319.4629231617,46319.4629231617
"15.3",-9999,-9999,-9999,-9999,-9999,-9999,-9999,-9999,-9999,-9999,-9999,-600,-9999,9600,38434.2088292986,38434.2088292986
"15.3.1",-9999,-9999,-9999,-9999,-9999,-9999,-9999,-9999,-9999,-9999,-9999,600,-9999,9600,41282.7660126612,41282.7660126612
"16.3",-9999,-9999,-9999,-9999,-9999,-9999,-9999,-9999,-9999,-9999,-9999,-600,-9999,9400,43688.0735398233,43688.0735398233
"16.3.1",-9999,-9999,-9999,-9999,-9999,-9999,-9999,-9999,-9999,-9999,-9999,600,-9999,9400,36028.7184170634,36028.7184170634
"17.3",-9999,-9999,-9999,-9999,-9999,-9999,-9999,-9999,-9999,-9999,-9999,600,-9999,9200,30427.0831963271,30427.0831963271
"17.3.1",-9999,-9999,-9999,-9999,-9999,-9999,-9999,-9999,-9999,-9999,-9999,-600,-9999,9200,49289.35611628,49289.35611628
"18.3",-9999,-9999,-9999,-9999,-9999,-9999,-9999,-9999,-9999,-9999,-9999,600,-9999,9000,24572.8796405643,24572.8796405643
"18.3.1",-9999,-9999,-9999,-9999,-9999,-9999,-9999,-9999,-9999,-9999,-9999,-600,-9999,9000,55142.8764655665,55142.8764655665
"19.3",-9999,-9999,-9999,-9999,-9999,-9999,-9999,-9999,-9999,-9999,-9999,600,-9999,8800,19550.467414245,19550.467414245
"19.3.1",-9999,-9999,-9999,-9999,-9999,-9999,-9999,-9999,-9999,-9999,-9999,-600,-9999,8800,60164.4314280897,60164.4314280897
"20.3",-9999,-9999,-9999,-9999,-9999,-9999,-9999,-9999,-9999,-9999,-9999,-600,-9999,8600,62285.6062971205,62285.6062971205
"20.3.1",-9999,-9999,-9999,-9999,-9999,-9999,-9999,-9999,-9999,-9999,0.0241799876093864,600,-9999,8600,17429.1507161781,17429.1507161781
"21.3",-9999,-9999,-9999,-9999,-9999,-9999,-9999,-9999,-9999,-9999,-9999,600,-9999,8400,19457.353634879,19457.353634879
"21.3.1",-9999,-9999,-9999,-9999,-9999,-9999,-9999,-9999,-9999,-9999,-9999,-600,-9999,8400,60257.1155710816,60257.1155710816
"22.3",-9999,-9999,-9999,-9999,-9999,-9999,-9999,-9999,-9999,-9999,-9999,600,-9999,8200,24556.1961697191,24556.1961697191
"22.3.1",-9999,-9999,-9999,-9999,-9999,-9999,-9999,-9999,-9999,-9999,-9999,-600,-9999,8200,55159.7370864749,55159.7370864749
"23.3",-9999,-9999,-9999,-9999,-9999,-9999,-9999,-9999,-9999,-9999,0.00721740676090121,600,-9999,8000,30354.9940509722,30354.9940509722
"23.3.1",-9999,-9999,-9999,-9999,-9999,-9999,-9999,-9999,-9999,-9999,-9999,-600,-9999,8000,49361.4323739894,49361.4323739894
"24.3",-9999,-9999,-9999,-9999,-9999,-9999,-9999,-9999,-9999,-9999,-9999,600,-9999,7800,35445.976516813,35445.976516813
"24.3.1",-9999,-9999,-9999,-9999,-9999,-9999,-9999,-9999,-9999,-9999,-9999,-600,-9999,7800,44270.9049264975,44270.9049264975
"25.3",-9999,-9999,-9999,-9999,-9999,-9999,-9999,-9999,-9999,-9999,-9999,600,-9999,7600,39436.4686474539,39436.4686474539
"25.3.1",-9999,-9999,-9999,-9999,-9999,-9999,-9999,-9999,-9999,-9999,-9999,-600,-9999,7600,40280.6916875951,40280.6916875951
"26.3",-9999,-9999,-9999,-9999,-9999,-9999,-9999,-9999,-9999,-9999,-9999,600,-9999,7400,42335.4893749878,42335.4893749878
"26.3.1",-9999,-9999,-9999,-9999,-9999,-9999,-9999,-9999,-9999,-9999,-9999,-600,-9999,7400,37381.8133335635,37381.8133335635
"27.3",-9999,-9999,-9999,-9999,-9999,-9999,-9999,-9999,-9999,-9999,-9999,600,-9999,7200,44314.0870179981,44314.0870179981
"27.3.1",-9999,-9999,-9999,-9999,-9999,-9999,-9999,-9999,-9999,-9999,-9999,-600,-9999,7200,35403.2468785755,35403.2468785755
"28.3",-9999,-9999,-9999,-9999,-9999,-9999,-9999,-9999,-9999,-9999,-9999,600,-9999,7000,45655.4694572985,45655.4694572985
"28.3.1",-9999,-9999,-9999,-9999,-9999,-9999,-9999,-9999,-9999,-9999,-9999,-600,-9999,7000,34061.842812676,34061.842812676
"29.3",-9999,-9999,-9999,-9999,-9999,-9999,-9999,-9999,-9999,-9999,-9999,-600,-9999,6800,32871.5465640537,32871.5465640537
"29.3.1",-9999,-9999,-9999,-9999,-9999,-9999,-9999,-9999,-9999,-9999,-9999,600,-9999,6800,46845.6244562827,46845.6244562827
"30.3",-9999,-9999,-9999,-9999,-9999,-9999,-9999,-9999,-9999,-9999,-9999,-600,-9999,6600,30830.2665367946,30830.2665367946
"30.3.1",-9999,-9999,-9999,-9999,-9999,-9999,-9999,-9999,-9999,-9999,-9999,600,-9999,6600,48886.3977235928,48886.3977235928
"31.3",-9999,-9999,-9999,-9999,-9999,-9999,-9999,-9999,-9999,-9999,-9999,600,-9999,6400,53863.408293575,53863.408293575
"31.3.1",-9999,-9999,-9999,-9999,-9999,-9999,-9999,-9999,-9999,-9999,-9999,-600,-9999,6400,25851.9372442067,25851.9372442067
"32.3",-9999,-9999,-9999,-9999,-9999,-9999,-9999,-9999,-9999,-9999,-9999,600,-9999,6200,60745.7164829373,60745.7164829373
"32.3.1",-9999,-9999,-9999,-9999,-9999,-9999,-9999,-9999,-9999,-9999,-9999,-600,-9999,6200,18972.5289673284,18972.5289673284
"33.3",-9999,-9999,-9999,-9999,-9999,-9999,-9999,-9999,-9999,-9999,-9999,600,-9999,6000,60200.4905064628,60200.4905064628
"33.3.1",-9999,-9999,-9999,-9999,-9999,-9999,-9999,-9999,-9999,-9999,-9999,-600,-9999,6000,19515.9506504834,19515.9506504834
"34.3",-9999,-9999,-9999,-9999,-9999,-9999,-9999,-9999,-9999,-9999,-9999,600,-9999,5800,53217.4735105932,53217.4735105932
"34.3.1",-9999,-9999,-9999,-9999,-9999,-9999,-9999,-9999,-9999,-9999,-9999,-600,-9999,5800,26498.1185593978,26498.1185593978
"35.3",-9999,-9999,-9999,-9999,-9999,-9999,-9999,-9999,-9999,-9999,-9999,600,-9999,5600,47924.7694432437,47924.7694432437
"35.3.1",-9999,-9999,-9999,-9999,-9999,-9999,-9999,-9999,-9999,-9999,-9999,-600,-9999,5600,31791.6244770288,31791.6244770288
"36.3",-9999,-9999,-9999,-9999,-9999,-9999,-9999,-9999,-9999,-9999,-9999,600,-9999,5400,44907.0484800637,44907.0484800637
"36.3.1",-9999,-9999,-9999,-9999,-9999,-9999,-9999,-9999,-9999,-9999,-9999,-600,-9999,5400,34810.0210772678,34810.0210772678
"37.3",-9999,-9999,-9999,-9999,-9999,-9999,-9999,-9999,-9999,-9999,-9999,600,-9999,5200,43100.6222861335,43100.6222861335
"37.3.1",-9999,-9999,-9999,-9999,-9999,-9999,-9999,-9999,-9999,-9999,-9999,-600,-9999,5200,36616.6573807597,36616.6573807597
"38.3",-9999,-9999,-9999,-9999,-9999,-9999,-9999,-9999,-9999,-9999,-9999,600,-9999,5000,41914.410817489,41914.410817489
"38.3.1",-9999,-9999,-9999,-9999,-9999,-9999,-9999,-9999,-9999,-9999,-9999,-600,-9999,5000,37802.940243572,37802.940243572
"39.3",-9999,-9999,-9999,-9999,-9999,-9999,-9999,-9999,-9999,-9999,-9999,600,-9999,4800,40878.1345846131,40878.1345846131
"39.3.1",-9999,-9999,-9999,-9999,-9999,-9999,-9999,-9999,-9999,-9999,-9999,-600,-9999,4800,38839.2120518684,38839.2120518684
"40.3",-9999,-9999,-9999,-9999,-9999,-9999,-9999,-9999,-9999,-9999,-9999,600,-9999,4600,39855.975915134,39855.975915134
"40.3.1",-9999,-9999,-9999,-9999,-9999,-9999,-9999,-9999,-9999,-9999,-9999,-600,-9999,4600,39861.3759927601,39861.3759927601
"41.3",-9999,-9999,-9999,-9999,-9999,-9999,-9999,-9999,-9999,-9999,-9999,600,-9999,4400,38837.3552958891,38837.3552958891
"41.3.1",-9999,-9999,-9999,-9999,-9999,-9999,-9999,-9999,-9999,-9999,-9999,-600,-9999,4400,40880.0050132498,40880.0050132498
"42.3",-9999,-9999,-9999,-9999,-9999,-9999,-9999,-9999,-9999,-9999,-9999,600,-9999,4200,38064.8228037879,38064.8228037879
"42.3.1",-9999,-9999,-9999,-9999,-9999,-9999,-9999,-9999,-9999,-9999,-9999,-600,-9999,4200,41652.5551499203,41652.5551499203
"43.3",-9999,-9999,-9999,-9999,-9999,-9999,-9999,-9999,-9999,-9999,-9999,600,-9999,4000,37985.7045440599,37985.7045440599
"43.3.1",-9999,-9999,-9999,-9999,-9999,-9999,-9999,-9999,-9999,-9999,-9999,-600,-9999,4000,41731.6861169487,41731.6861169487
"44.3",-9999,-9999,-9999,-9999,-9999,-9999,-9999,-9999,-9999,-9999,-9999,600,-9999,3800,38798.1579109281,38798.1579109281
"44.3.1",-9999,-9999,-9999,-9999,-9999,-9999,-9999,-9999,-9999,-9999,-9999,-600,-9999,3800,40919.1883840635,40919.1883840635
"45.3",-9999,-9999,-9999,-9999,-9999,-9999,-9999,-9999,-9999,-9999,-9999,600,-9999,3600,40275.0524801612,40275.0524801612
"45.3.1",-9999,-9999,-9999,-9999,-9999,-9999,-9999,-9999,-9999,-9999,-9999,-600,-9999,3600,39442.2646792084,39442.2646792084
"46.3",-9999,-9999,-9999,-9999,-9999,-9999,-9999,-9999,-9999,-9999,-9999,600,-9999,3400,42077.3594143316,42077.3594143316
"46.3.1",-9999,-9999,-9999,-9999,-9999,-9999,-9999,-9999,-9999,-9999,-9999,-600,-9999,3400,37639.9579235837,37639.9579235837
"47.3",-9999,-9999,-9999,-9999,-9999,-9999,-9999,-9999,-9999,-9999,-9999,600,-9999,3200,44167.2147049382,44167.2147049382
"47.3.1",-9999,-9999,-9999,-9999,-9999,-9999,-9999,-9999,-9999,-9999,-9999,-600,-9999,3200,35549.9207935035,35549.9207935035
"48.3",-9999,-9999,-9999,-9999,-9999,-9999,-9999,-9999,-9999,-9999,-9999,600,-9999,3000,46430.2832719088,46430.2832719088
"48.3.1",-9999,-9999,-9999,-9999,-9999,-9999,-9999,-9999,-9999,-9999,-9999,-600,-9999,3000,33287.0431976989,33287.0431976989
"49.3",-9999,-9999,-9999,-9999,-9999,-9999,-9999,-9999,-9999,-9999,-9999,-600,-9999,2800,30973.9274338409,30973.9274338409
"49.3.1",-9999,-9999,-9999,-9999,-9999,-9999,-9999,-9999,-9999,-9999,-9999,600,-9999,2800,48742.9130435362,48742.9130435362
"50.3",-9999,-9999,-9999,-9999,-9999,-9999,-9999,-9999,-9999,-9999,-9999,600,-9999,2600,49822.494599618,49822.494599618
"50.3.1",-9999,-9999,-9999,-9999,-9999,-9999,-9999,-9999,-9999,-9999,-9999,-600,-9999,2600,29894.9224489033,29894.9224489033
"51.3",-9999,-9999,-9999,-9999,-9999,-9999,-9999,-9999,-9999,-9999,-9999,-600,-9999,2400,31601.6065630093,31601.6065630093
"51.3.1",-9999,-9999,-9999,-9999,-9999,-9999,-9999,-9999,-9999,-9999,-9999,600,-9999,2400,48115.8916293159,48115.8916293159
"52.3",-9999,-9999,-9999,-9999,-9999,-9999,-9999,-9999,-9999,-9999,-9999,-600,-9999,2200,36843.0979017988,36843.0979017988
"52.3.1",-9999,-9999,-9999,0.141304969787598,0.229183703660965,0.291671007871628,0.534222424030304,0.63024115562439,0.667479574680328,0.951940894126892,1.08797037601471,600,1.00031697750092,2200,42873.6036630273,42887.1936307716
"53.3",-9999,-9999,-9999,-9999,-9999,-9999,-9999,-9999,-9999,-9999,-9999,-600,-9999,2000,44328.9566697925,44328.9566697925
"53.3.1",-9999,-9999,0.163559570908546,0.452610969543457,0.651544213294983,0.982064783573151,1.24101269245148,1.44216287136078,1.69259834289551,2.1825647354126,2.5688784122467,600,1.00009977817535,2000,35387.3839525655,35390.9148411668
"54.3",-9999,-9999,-9999,-9999,-9999,-9999,-9999,-9999,-9999,-9999,-9999,-600,-9999,1800,51642.3818120658,51642.3818120658
"54.3.1",-9999,-9999,-9999,0.288451254367828,0.409382522106171,0.460408270359039,0.619999349117279,0.585037350654602,0.74033135175705,1.13325166702271,1.48169469833374,600,1.00008225440979,1800,28074.3722073063,28076.6814482225
"55.3",-9999,-9999,-9999,-9999,-9999,-9999,-9999,-9999,-9999,-9999,-9999,-600,-9999,1600,56694.5615807623,56694.5615807623
"55.3.1",-9999,-9999,-9999,-9999,-9999,-9999,-9999,0.0370719581842422,0.132788047194481,0.379960745573044,0.624430477619171,600,1.00001358985901,1600,23021.1879147962,23021.5007694941
"56.3",-9999,-9999,-9999,-9999,-9999,-9999,-9999,-9999,-9999,-9999,-9999,-600,-9999,1400,58346.4086384252,58346.4086384252
"56.3.1",-9999,-9999,-9999,-9999,-9999,-9999,-9999,0.0433375611901283,0.0554158054292202,0.177410811185837,0.360286980867386,600,1.00001323223114,1400,21369.4550537392,21369.7378193079
"57.3",-9999,-9999,-9999,-9999,-9999,-9999,-9999,-9999,-9999,-9999,-9999,-600,-9999,1200,57711.0185393468,57711.0185393468
"57.3.1",-9999,-9999,-9999,-9999,0.187080383300781,0.537346541881561,0.822942674160004,0.978973150253296,0.616500556468964,0.538386285305023,0.534100711345673,600,1.00007474422455,1200,22004.621756129,22006.2664745186
"58.3",-9999,-9999,-9999,-9999,-9999,-9999,-9999,-9999,-9999,-9999,-9999,-600,-9999,1000,56321.272019051,56321.272019051
"58.3.1",-9999,-9999,-9999,0.257556915283203,0.465981334447861,0.598795652389526,0.788585960865021,0.755259931087494,0.749184370040894,1.13108813762665,1.15755927562714,600,1.0001312494278,1000,23394.6866022125,23397.7571414425
"59.3",-9999,-9999,-9999,-9999,-9999,-9999,-9999,-9999,-9999,-9999,-9999,-600,-9999,800,55279.0537135676,55279.0537135676
"59.3.1",0.175740852952003,0.389546006917953,0.465292304754257,1.07518219947815,1.54148709774017,1.97967612743378,2.28171682357788,2.52984428405762,1.77967607975006,0.568518817424774,0.415631324052811,600,1.00004923343658,800,24436.93010775,24438.1332217988
"60.3",-9999,-9999,-9999,-9999,-9999,-9999,-9999,-9999,-9999,-9999,-9999,-600,-9999,600,58725.442378737,58725.442378737
"60.3.1",0.695330083370209,0.6136834025383,1.01171970367432,1.61108636856079,2.06776714324951,2.32376956939697,1.47583973407745,1.19223177433014,1.23024797439575,1.19126486778259,1.32372510433197,600,1.0011932849884,600,20966.6704345793,20991.6896476656
"61.3",-9999,-9999,-9999,-9999,-9999,-9999,1.22148132324219,1.60444641113281,2.03976440429688,2.92935943603516,3.64338684082031,-600,-9999,400,51108.6220848635,51108.6220848635
"61.3.1",0.241058528423309,0.540255844593048,0.855941653251648,1.432257771492,1.3550351858139,1.30469298362732,1.52375066280365,1.4550164937973,1.25280320644379,1.62763833999634,1.42987835407257,600,1.00255107879639,400,28607.9607146308,28680.9418766177
