"","Cover","distance","area","lat_dist","Zones","Value"
"1",0.37,13000,9970.32734277844,0,0.09,0.03
"2",0.37,13000,9970.32734277844,0,0.09,0.03
"3",0.31,12900,9970.91730411723,0,0.1,0.05
"4",0.31,12900,9970.91730411723,0,0.1,0.05
"5",0.29,12800,9970.62269449234,0,0.1,0.05
"6",0.29,12800,9970.62269449234,0,0.1,0.05
"7",0.34,12700,9970.61453561671,0,0.1,0.01
"8",0.34,12700,9970.61453561671,0,0.1,0.01
"9",0.41,12600,9970.60570349544,0,0.1,0.02
"10",0.41,12600,9970.60570349544,0,0.1,0.02
"11",0.52,12500,9970.5770376958,0,0.1,0.03
"12",0.52,12500,9970.5770376958,0,0.1,0.03
"13",0.53,12400,9970.60629110038,0,0.1,0.04
"14",0.53,12400,9970.60629110038,0,0.1,0.04
"15",0.5,12300,9970.60172958486,0,0.1,0.25
"16",0.5,12300,9970.60172958486,0,0.1,0.25
"17",0.5,12200,9970.64741494134,0,0.08,0.58
"18",0.5,12200,9970.64741494134,0,0.08,0.58
"19",0.5,12100,9970.66962841153,0,0,0.56
"20",0.5,12100,9970.66962841153,0,0,0.56
"21",0.5,12000,9970.34647238557,0,0,0.4
"22",0.5,12000,9970.34647238557,0,0,0.4
"23",0.5,11900,9970.80254796194,0,0,0.64
"24",0.5,11900,9970.80254796194,0,0,0.64
"25",0.52,11800,9970.44444748294,0,0,0.37
"26",0.52,11800,9970.44444748294,0,0,0.37
"27",0.51,11700,9970.65182309132,0,0,0.09
"28",0.51,11700,9970.65182309132,0,0,0.09
"29",0.5,11600,9970.5399407912,0,0,0.09
"30",0.5,11600,9970.5399407912,0,0,0.09
"31",0.5,11500,9970.7089673467,0,0,0.23
"32",0.5,11500,9970.7089673467,0,0,0.23
"33",0.5,11400,9970.43597374856,0,0,0.46
"34",0.5,11400,9970.43597374856,0,0,0.46
"35",0.53,11300,9970.74095463566,0,0,0.16
"36",0.53,11300,9970.74095463566,0,0,0.16
"37",0.44,11200,9970.7239039652,0,0,0.03
"38",0.44,11200,9970.7239039652,0,0,0.03
"39",0.53,11100,9970.52501346916,0,0,0.24
"40",0.53,11100,9970.52501346916,0,0,0.24
"41",0.37,11000,9970.57978181541,0,0,0.22
"42",0.37,11000,9970.57978181541,0,0,0.22
"43",0.35,10900,9970.61019223183,0,0,0.16
"44",0.35,10900,9970.61019223183,0,0,0.16
"45",0.53,10800,9970.61171224341,0,0,0.19
"46",0.53,10800,9970.61171224341,0,0,0.19
"47",0.69,10700,9970.58794371039,0,0.01,0.33
"48",0.69,10700,9970.58794371039,0,0.01,0.33
"49",0.65,10600,9970.53079266474,0,0.1,0.44
"50",0.65,10600,9970.53079266474,0,0.1,0.44
"51",0.44,10500,9970.85783950612,0,0.1,0.53
"52",0.44,10500,9970.85783950612,0,0.1,0.53
"53",0.49,10400,9970.2731866166,0,0.1,0.59
"54",0.49,10400,9970.2731866166,0,0.1,0.59
"55",0.54,10300,9970.96888900176,0,0.1,0.59
"56",0.54,10300,9970.96888900176,0,0.1,0.59
"57",0.36,10200,9970.3919872418,0,0.1,0.61
"58",0.36,10200,9970.3919872418,0,0.1,0.61
"59",0.1,10100,9970.68562591821,0,0.1,0.24
"60",0.1,10100,9970.68562591821,0,0.1,0.24
"61",0.64,10000,9970.57166971639,0,0.1,0.05
"62",0.64,10000,9970.57166971639,0,0.1,0.05
"63",1.77,9900,9970.60713453591,0,0.1,0.15
"64",1.77,9900,9970.60713453591,0,0.1,0.15
"65",1.99,9800,9970.64257300273,0,0.1,0.15
"66",1.99,9800,9970.64257300273,0,0.1,0.15
"67",2,9700,9970.55501526594,0,0.1,0.09
"68",2,9700,9970.55501526594,0,0.1,0.09
"69",2,9600,9970.6387109533,0,0.1,0.06
"70",2,9600,9970.6387109533,0,0.1,0.06
"71",2,9500,9970.69992472604,0,0.1,0.07
"72",2,9500,9970.69992472604,0,0.1,0.07
"73",1.69,9400,9970.5415766947,0,0.1,0.07
"74",1.69,9400,9970.5415766947,0,0.1,0.07
"75",0.95,9300,9970.44472939894,0,0.03,0.16
"76",0.95,9300,9970.44472939894,0,0.03,0.16
"77",0.13,9200,9970.86948435754,0,0,0.22
"78",0.13,9200,9970.86948435754,0,0,0.22
"79",0.18,9100,9970.29661167786,0,0,0.24
"80",0.18,9100,9970.29661167786,0,0,0.24
"81",0.26,9000,9970.81627430394,0,0,0.24
"82",0.26,9000,9970.81627430394,0,0,0.24
"83",0.3,8900,9970.38133965433,0,0.01,0.28
"84",0.3,8900,9970.38133965433,0,0.01,0.28
"85",0.26,8800,9970.8017979078,0,0.42,0.29
"86",0.26,8800,9970.8017979078,0,0.42,0.29
"87",0.37,8700,9970.46533465758,0,0.12,0.26
"88",0.37,8700,9970.46533465758,0,0.12,0.26
"89",0.26,8600,9970.53702430613,0,0,0.23
"90",0.26,8600,9970.53702430613,0,0,0.23
"91",0.28,8500,9970.7514556963,0,0,0.18
"92",0.28,8500,9970.7514556963,0,0,0.18
"93",0.33,8400,9970.47448874265,0,0,0.13
"94",0.33,8400,9970.47448874265,0,0,0.13
"95",0.38,8300,9970.61263840832,0,0,0.07
"96",0.38,8300,9970.61263840832,0,0,0.07
"97",0.46,8200,9970.61859876942,0,0,0.05
"98",0.46,8200,9970.61859876942,0,0,0.05
"99",0.53,8100,9970.61399101652,0,0,0.09
"100",0.53,8100,9970.61399101652,0,0,0.09
"101",0.57,8000,9970.60784127191,0,0,0.24
"102",0.57,8000,9970.60784127191,0,0,0.24
"103",0.52,7900,9970.61615337245,0,0,0.22
"104",0.52,7900,9970.61615337245,0,0,0.22
"105",0.53,7800,9970.64782996569,0,0,0.23
"106",0.53,7800,9970.64782996569,0,0,0.23
"107",0.54,7700,9970.65154528804,0,0.23,0.22
"108",0.54,7700,9970.65154528804,0,0.23,0.22
"109",0.57,7600,9970.62828117236,0,0.5,0.21
"110",0.57,7600,9970.62828117236,0,0.5,0.21
"111",0.58,7500,9970.59238698706,0,0.5,0.23
"112",0.58,7500,9970.59238698706,0,0.5,0.23
"113",0.56,7400,9970.5928732045,0,0.5,0.28
"114",0.56,7400,9970.5928732045,0,0.5,0.28
"115",1.13,7300,9970.62779550068,0,0.5,0.26
"116",1.13,7300,9970.62779550068,0,0.5,0.26
"117",0.75,7200,9970.6358154621,0,0.5,0.22
"118",0.75,7200,9970.6358154621,0,0.5,0.22
"119",0.5,7100,9970.63816590421,0,0.5,0.21
"120",0.5,7100,9970.63816590421,0,0.5,0.21
"121",0.5,7000,9970.63019345328,0,0.5,0.18
"122",0.5,7000,9970.63019345328,0,0.5,0.18
"123",0.55,6900,9970.61469617859,0,0.5,0.07
"124",0.55,6900,9970.61469617859,0,0.5,0.07
"125",0.59,6800,9970.61842577904,0,0.5,0.01
"126",0.59,6800,9970.61842577904,0,0.5,0.01
"127",0.42,6700,9970.62623935565,0,0.5,0.02
"128",0.42,6700,9970.62623935565,0,0.5,0.02
"129",0.59,6600,9970.62341108918,0,0.5,0.02
"130",0.59,6600,9970.62341108918,0,0.5,0.02
"131",0.46,6500,9970.61276486889,0,0.5,0.03
"132",0.46,6500,9970.61276486889,0,0.5,0.03
"133",0.52,6400,9970.60337175801,0,0.5,0.11
"134",0.52,6400,9970.60337175801,0,0.5,0.11
"135",0.71,6300,9970.54117519036,0,0.5,0.11
"136",0.71,6300,9970.54117519036,0,0.5,0.11
"137",0.61,6200,9970.71290234849,0,0.5,0.15
"138",0.61,6200,9970.71290234849,0,0.5,0.15
"139",0.5,6100,9970.54294958338,0,0.5,0.25
"140",0.5,6100,9970.54294958338,0,0.5,0.25
"141",1.13,6000,9970.78733123839,0,0.5,0.44
"142",1.13,6000,9970.78733123839,0,0.5,0.44
"143",0.96,5900,9970.5311822854,0,0.5,0.58
"144",0.96,5900,9970.5311822854,0,0.5,0.58
"145",0.5,5800,9970.60908420756,0,0.5,0.67
"146",0.5,5800,9970.60908420756,0,0.5,0.67
"147",0.5,5700,9970.54426702484,0,0.5,0.55
"148",0.5,5700,9970.54426702484,0,0.5,0.55
"149",0.5,5600,9970.58924648166,0,0.5,0.58
"150",0.5,5600,9970.58924648166,0,0.5,0.58
"151",0.58,5500,9970.68288507313,0,0.5,0.63
"152",0.58,5500,9970.68288507313,0,0.5,0.63
"153",0.4,5400,9970.57828316838,0,0.38,0.38
"154",0.4,5400,9970.57828316838,0,0.38,0.38
"155",0.28,5300,9970.63449519128,0,0.02,0.2
"156",0.28,5300,9970.63449519128,0,0.02,0.2
"157",0.11,5200,9970.61090317369,0,0,0.06
"158",0.11,5200,9970.61090317369,0,0,0.06
"159",0.19,5100,9970.60732977465,0,0,0.03
"160",0.19,5100,9970.60732977465,0,0,0.03
"161",0.27,5000,9970.61026093736,0,0,0.08
"162",0.27,5000,9970.61026093736,0,0,0.08
"163",0.29,4900,9970.63560542837,0,0,0.12
"164",0.29,4900,9970.63560542837,0,0,0.12
"165",0.26,4800,9970.6580520682,0,0,0.15
"166",0.26,4800,9970.6580520682,0,0,0.15
"167",0.13,4700,9970.54746043682,0,0.6,0.16
"168",0.13,4700,9970.54746043682,0,0.6,0.16
"169",0.18,4600,9970.67560521886,0,0.7,0.08
"170",0.18,4600,9970.67560521886,0,0.7,0.08
"171",0.25,4500,9970.6357633546,0,0.7,0.04
"172",0.25,4500,9970.6357633546,0,0.7,0.04
"173",0.29,4400,9970.59037037939,0,0.7,0.04
"174",0.29,4400,9970.59037037939,0,0.7,0.04
"175",0.25,4300,9970.64428912476,0,0.7,0.04
"176",0.25,4300,9970.64428912476,0,0.7,0.04
"177",0.25,4200,9970.6210237816,0,0.36,0.04
"178",0.25,4200,9970.6210237816,0,0.36,0.04
"179",0.25,4100,9970.6137387082,0,0,0.03
"180",0.25,4100,9970.6137387082,0,0,0.03
"181",0.23,4000,9970.62673220038,0,0,0.03
"182",0.23,4000,9970.62673220038,0,0,0.03
"183",0.18,3900,9970.62563289329,0,0,0.04
"184",0.18,3900,9970.62563289329,0,0,0.04
"185",0.19,3800,9970.62421191111,0,0,0.03
"186",0.19,3800,9970.62421191111,0,0,0.03
"187",0.22,3700,9970.62494188547,0,0,0.01
"188",0.22,3700,9970.62494188547,0,0,0.01
"189",0.24,3600,9970.62373400107,0,0,0
"190",0.24,3600,9970.62373400107,0,0,0
"191",0.27,3500,9970.62362038344,0,0,0.02
"192",0.27,3500,9970.62362038344,0,0,0.02
"193",0.3,3400,9970.62076385692,0,0,0.04
"194",0.3,3400,9970.62076385692,0,0,0.04
"195",0.3,3300,9970.62341191247,0,0,0.08
"196",0.3,3300,9970.62341191247,0,0,0.08
"197",0.32,3200,9970.62249659002,0,0,0.13
"198",0.32,3200,9970.62249659002,0,0,0.13
"199",0.33,3100,9970.62473953888,0,0,0.19
"200",0.33,3100,9970.62473953888,0,0,0.19
"201",0.34,3000,9970.65236687288,0,0,0.18
"202",0.34,3000,9970.65236687288,0,0,0.18
"203",0.37,2900,9970.52912035584,0,0,0.2
"204",0.37,2900,9970.52912035584,0,0,0.2
"205",0.45,2800,9970.4992997162,0,0,0.3
"206",0.45,2800,9970.4992997162,0,0,0.3
"207",0.51,2700,9970.84284361079,0,0,0.48
"208",0.51,2700,9970.84284361079,0,0,0.48
"209",0.52,2600,9970.36767751724,0,0,0.56
"210",0.52,2600,9970.36767751724,0,0,0.56
"211",0.48,2500,9970.86464537308,0,0,0.57
"212",0.48,2500,9970.86464537308,0,0,0.57
"213",0.39,2400,9970.5119016245,0,0,0.55
"214",0.39,2400,9970.5119016245,0,0,0.55
"215",0.29,2300,9970.68097049743,0,0,0.44
"216",0.29,2300,9970.68097049743,0,0,0.44
"217",0.13,2200,9970.53674413264,0,0,0.2
"218",0.13,2200,9970.53674413264,0,0,0.2
"219",0.1,2100,9970.57242652029,0,0,0.03
"220",0.1,2100,9970.57242652029,0,0,0.03
"221",0.18,2000,9970.49981319532,0,0,0.08
"222",0.18,2000,9970.49981319532,0,0,0.08
"223",0.45,1900,9970.75922884047,0,0,0.16
"224",0.45,1900,9970.75922884047,0,0,0.16
"225",0.47,1800,9970.11298520118,0,0,0.26
"226",0.47,1800,9970.11298520118,0,0,0.26
"227",0.57,1700,9971.19766937196,0,0,0.24
"228",0.57,1700,9971.19766937196,0,0,0.24
"229",0.53,1600,9970.12372580916,0,0,0.26
"230",0.53,1600,9970.12372580916,0,0,0.26
"231",0.35,1500,9971.14813218266,0,0,0.24
"232",0.35,1500,9971.14813218266,0,0,0.24
"233",0.2,1400,9970.02457007021,0,0,0.15
"234",0.2,1400,9970.02457007021,0,0,0.15
"235",0.25,1300,9970.66347308457,0,0,0.1
"236",0.25,1300,9970.66347308457,0,0,0.1
"237",0.25,1200,9970.63795987517,0,0,0.08
"238",0.25,1200,9970.63795987517,0,0,0.08
"239",0.23,1100,9970.66940515861,0,0,0.08
"240",0.23,1100,9970.66940515861,0,0,0.08
"241",0.11,1000,9970.58707936481,0,0,0.1
"242",0.11,1000,9970.58707936481,0,0,0.1
"243",0.1,900,9970.45016496256,0,0,0.15
"244",0.1,900,9970.45016496256,0,0,0.15
"245",0.1,800,9970.81745816395,0,0,0.22
"246",0.1,800,9970.81745816395,0,0,0.22
"247",0.1,700,9970.57253037393,0,0,0.22
"248",0.1,700,9970.57253037393,0,0,0.22
"249",0.1,600,9970.59694331884,0,0,0.14
"250",0.1,600,9970.59694331884,0,0,0.14
"251",0.1,500,9970.6211795602,0,0,0.05
"252",0.1,500,9970.6211795602,0,0,0.05
"253",0.1,400,9970.61957891658,0,0,0.04
"254",0.1,400,9970.61957891658,0,0,0.04
"255",0.1,300,9970.91571701691,0,0,0.15
"256",0.1,300,9970.91571701691,0,0,0.15
"257",1.58,200,9970.30997889116,0,0,0.21
"258",1.58,200,9970.30997889116,0,0,0.21
"259",0.32,13000,9791.99641155452,100,0.1,0.27
"260",0.5,13000,10148.6582740117,-100,0.07,0.61
"261",0.5,12900,10439.529797405,-100,0.1,0.57
"262",0.54,12900,9502.21333062276,100,0.1,0.25
"263",0.95,12800,9779.05563014746,100,0.1,0.26
"264",0.5,12800,10162.1892179586,-100,0.1,0.57
"265",0.5,12700,9992.17145683616,-100,0.1,0.67
"266",0.54,12700,9949.05760608986,100,0.1,0.29
"267",0.36,12600,10125.1195030157,100,0.1,0.28
"268",0.5,12600,9816.0910961777,-100,0.1,0.65
"269",0.52,12500,10315.6694099046,100,0.1,0.27
"270",0.5,12500,9625.47748119012,-100,0.1,0.64
"271",0.21,12400,10533.6318806224,100,0.1,0.28
"272",0.5,12400,9407.54224940576,-100,0.1,0.67
"273",0.33,12300,10786.9322699029,100,0.1,0.17
"274",0.5,12300,9154.13107040711,-100,0.1,0.51
"275",0.51,12200,10984.0042200992,100,0.1,0.03
"276",0.5,12200,8956.97115843184,-100,0.06,0.21
"277",0.5,12100,11058.1199476356,100,0,0.2
"278",0.5,12100,8882.92987476103,-100,0,0
"279",0.54,12000,11115.818576107,100,0,0.36
"280",0.5,12000,8824.40280416911,-100,0,0
"281",0.85,11900,10954.2699476455,100,0,0.11
"282",0.5,11900,8987.08352429583,-100,0,0.07
"283",1.34,11800,10892.1416744511,100,0,0.09
"284",0.5,11800,9048.49324413436,-100,0,0.44
"285",0.21,11700,10758.3657214884,100,0,0.25
"286",0.5,11700,9182.81321404409,-100,0,0.62
"287",0.31,11600,10725.7983939778,100,0,0.26
"288",0.5,11600,9215.19592583179,-100,0,0.61
"289",0.38,11500,10762.6276469138,100,0,0.17
"290",0.5,11500,9178.68535158969,-100,0,0.52
"291",0.29,11400,10932.0277598593,100,0,0.08
"292",0.5,11400,9008.74300727434,-100,0,0.35
"293",0.1,11300,11127.7496430241,100,0,0.2
"294",0.5,11300,8813.61109128594,-100,0,0.61
"295",0.61,11200,11106.8964798786,100,0,0.27
"296",0.5,11200,8834.43873921409,-100,0,0.68
"297",0.53,11100,10845.0441617072,100,0,0.18
"298",0.5,11100,9095.95663405955,-100,0,0.51
"299",0.1,11000,10654.8645892255,100,0,0.2
"300",0.5,11000,9286.26692149788,-100,0,0.49
"301",0.1,10900,10614.5722373128,100,0,0.23
"302",0.5,10900,9326.61504948139,-100,0,0.55
"303",0.1,10800,10666.7716201469,100,0,0.21
"304",0.5,10800,9274.39835117757,-100,0,0.52
"305",0.1,10700,10768.3959354721,100,0,0.15
"306",0.5,10700,9172.7062529251,-100,0.04,0.39
"307",0.5,10600,9040.90314361826,-100,0.1,0.27
"308",0.1,10600,10900.0482895523,100,0.08,0.11
"309",0.5,10500,8938.75681621581,-100,0.1,0.18
"310",0.1,10500,11002.7438742928,100,0.1,0.07
"311",0.1,10400,11090.651954405,100,0.1,0.05
"312",0.5,10400,8849.70726920292,-100,0.1,0.11
"313",0.5,10300,8951.78561096638,-100,0.1,0.11
"314",0.1,10300,10989.9494260252,100,0.1,0.05
"315",0.51,10200,9120.62305558845,-100,0.1,0.18
"316",0.1,10200,10820.0816229545,100,0.1,0.03
"317",0.47,10100,9448.43899230659,-100,0.1,0.62
"318",0.15,10100,10492.9026352353,100,0.1,0.1
"319",0.41,10000,9760.12615855411,-100,0.1,0.49
"320",1.38,10000,10181.0156196319,100,0.1,0.27
"321",0.29,9900,10047.833627481,-100,0.1,0.35
"322",2,9900,9893.38008857891,100,0.1,0.16
"323",0.22,9800,10259.8313770704,-100,0.1,0.34
"324",2,9800,9681.44885087386,100,0.1,0.16
"325",0.85,9700,10422.1101738662,-100,0.1,0.48
"326",2,9700,9518.98578888178,100,0.1,0.22
"327",2,9600,9421.54882028699,100,0.1,0.24
"328",1.94,9600,10519.7030413672,-100,0.1,0.54
"329",1.44,9500,9327.90408432484,100,0.1,0.23
"330",1.54,9500,10613.437428616,-100,0.1,0.52
"331",0.5,9400,10729.677070871,-100,0.1,0.5
"332",0.23,9400,9211.33559543267,100,0.06,0.24
"333",0.4,9300,9072.06541150436,100,0,0.15
"334",0.37,9300,10868.7171130292,-100,0.09,0.3
"335",0.53,9200,8926.1135414727,100,0,0.09
"336",0.48,9200,11015.3900662586,-100,0,0.16
"337",0.53,9100,8724.50625551119,100,0,0.06
"338",0.45,9100,11215.8177828528,-100,0,0.14
"339",0.5,9000,8589.17945259809,100,0,0.06
"340",0.56,9000,11351.9769196734,-100,0,0.13
"341",0.72,8900,11454.7836673148,-100,0,0.03
"342",0.5,8900,8485.54281139001,100,0,0.02
"343",0.5,8800,8521.34272488579,100,0,0.02
"344",0.54,8800,11419.7234649397,-100,0.13,0.03
"345",0.52,8700,8637.19599436596,100,0,0.04
"346",0.5,8700,11303.4162242562,-100,0,0.08
"347",0.53,8600,8847.30180943199,100,0,0.08
"348",0.5,8600,11093.5595530067,-100,0,0.15
"349",0.44,8500,9092.07233536616,100,0,0.12
"350",0.5,8500,10849.2832168955,-100,0,0.27
"351",0.41,8400,9317.65674875863,100,0,0.19
"352",0.5,8400,10623.2508595604,-100,0,0.37
"353",0.39,8300,9565.3197236862,100,0,0.23
"354",0.5,8300,10375.8927713959,-100,0,0.53
"355",0.21,8200,9786.85127865802,100,0,0.27
"356",0.5,8200,10154.383959976,-100,0,0.56
"357",0.1,8100,9986.36505369004,100,0,0.24
"358",0.5,8100,9954.86288690101,-100,0,0.64
"359",0.1,8000,10162.0281616244,100,0,0.2
"360",0.5,8000,9779.18621124513,-100,0,0.47
"361",0.19,7900,10290.1540723657,100,0,0.2
"362",0.5,7900,9651.07291361224,-100,0,0.48
"363",0.17,7800,10377.1209435565,100,0,0.2
"364",0.5,7800,9564.158812779,-100,0,0.48
"365",0.16,7700,10429.1696421541,100,0.1,0.2
"366",0.5,7700,9512.11572327837,-100,0.36,0.48
"367",0.12,7600,10453.9932966158,100,0.5,0.21
"368",0.5,7600,9487.24260893092,-100,0.5,0.49
"369",0.14,7500,10460.9943979792,100,0.5,0.2
"370",0.5,7500,9480.16890637763,-100,0.5,0.47
"371",0.67,7400,10450.202112997,100,0.5,0.18
"372",0.5,7400,9490.96344301291,-100,0.5,0.42
"373",0.5,7300,9519.86962734722,-100,0.5,0.44
"374",1.16,7300,10421.3685909174,100,0.5,0.19
"375",0.5,7200,9561.80138684623,-100,0.5,0.48
"376",0.64,7200,10379.4570937194,100,0.5,0.2
"377",0.38,7100,10322.2050014678,100,0.5,0.21
"378",0.5,7100,9619.06078037247,-100,0.5,0.49
"379",0.5,7000,9686.27192957699,-100,0.5,0.53
"380",0.38,7000,10254.9847234339,100,0.5,0.22
"381",0.5,6900,9754.42937489599,-100,0.5,0.63
"382",0.25,6900,10186.7984460257,100,0.5,0.27
"383",0.5,6800,9815.52217587084,-100,0.5,0.68
"384",0.3,6800,10125.7141019665,100,0.5,0.29
"385",0.23,6700,10082.5979204141,100,0.5,0.28
"386",0.5,6700,9858.65430233628,-100,0.5,0.65
"387",0.22,6600,10075.4220499285,100,0.5,0.28
"388",0.5,6600,9865.82460516319,-100,0.5,0.65
"389",0.5,6500,9814.00316643342,-100,0.5,0.67
"390",0.18,6500,10127.2218909562,100,0.5,0.28
"391",0.17,6400,10281.6004188992,100,0.5,0.25
"392",0.5,6400,9659.60325590521,-100,0.5,0.6
"393",0.17,6300,10602.7924516574,100,0.5,0.25
"394",0.5,6300,9338.26360306516,-100,0.5,0.6
"395",0.12,6200,10946.8984467499,100,0.5,0.24
"396",0.5,6200,8994.44844513386,-100,0.5,0.56
"397",0.25,6100,11096.7506112494,100,0.5,0.18
"398",0.5,6100,8844.17414192483,-100,0.5,0.47
"399",0.39,6000,10985.4042201526,100,0.5,0.1
"400",0.5,6000,8955.96286978945,-100,0.5,0.29
"401",0.41,5900,10850.7180375904,100,0.5,0.05
"402",0.5,5900,9090.18969251961,-100,0.5,0.13
"403",0.46,5800,10729.0027426928,100,0.5,0.04
"404",0.5,5800,9212.11774292216,-100,0.5,0.02
"405",0.62,5700,10677.4746239148,100,0.5,0.16
"406",0.5,5700,9263.47809224948,-100,0.5,0
"407",0.3,5600,10619.0949312188,100,0.5,0.12
"408",0.5,5600,9322.00389857218,-100,0.5,0
"409",0.14,5500,10561.4485621788,100,0.43,0.04
"410",0.5,5500,9379.85087530687,-100,0.5,0.12
"411",0.37,5400,10523.4682814404,100,0.03,0.12
"412",0.5,5400,9417.62348897383,-100,0.5,0.35
"413",0.5,5300,9539.48382348567,-100,0.39,0.52
"414",0.45,5300,10401.7654409669,100,0,0.21
"415",0.55,5200,9683.88960933313,-100,0.04,0.66
"416",0.55,5200,10257.3247102313,100,0,0.27
"417",0.47,5100,9892.04443789646,-100,0,0.63
"418",0.52,5100,10049.169994399,100,0,0.28
"419",0.42,5000,10103.3265142441,-100,0,0.51
"420",0.5,5000,9837.89270621911,100,0,0.23
"421",0.39,4900,10290.2902729027,-100,0,0.41
"422",0.5,4900,9650.97331319004,100,0,0.18
"423",0.5,4800,10413.5973439366,-100,0,0.34
"424",0.5,4800,9527.70246468112,100,0.17,0.15
"425",0.57,4700,10478.9703688249,-100,0.36,0.31
"426",0.55,4700,9462.10473711789,100,0.7,0.15
"427",0.53,4600,10454.6896129288,-100,0.7,0.49
"428",0.52,4600,9486.63951246813,100,0.7,0.23
"429",0.5,4500,10401.0289378949,-100,0.7,0.61
"430",0.46,4500,9540.23041531444,100,0.7,0.26
"431",0.5,4400,10332.2565856874,-100,0.7,0.61
"432",0.43,4400,9608.91736551747,100,0.7,0.26
"433",0.39,4300,9686.46507531032,100,0.7,0.26
"434",0.5,4300,10254.8186932728,-100,0.7,0.6
"435",0.5,4200,10200.5444060825,-100,0.38,0.62
"436",0.35,4200,9740.69580183551,100,0.35,0.26
"437",0.33,4100,9780.77193459123,100,0,0.27
"438",0.5,4100,10160.4544413537,-100,0,0.63
"439",0.34,4000,9821.42952914536,100,0,0.27
"440",0.51,4000,10119.8232864216,-100,0,0.62
"441",0.35,3900,9856.14328353852,100,0,0.26
"442",0.53,3900,10085.1076488979,-100,0,0.61
"443",0.52,3800,10049.1875490136,-100,0,0.64
"444",0.35,3800,9892.06075949967,100,0,0.27
"445",0.5,3700,10008.3683524169,-100,0,0.67
"446",0.36,3700,9932.88149690256,100,0,0.29
"447",0.35,3600,9977.43015827984,100,0,0.3
"448",0.5,3600,9963.81730778515,-100,0,0.69
"449",0.5,3500,9911.59962999821,-100,0,0.68
"450",0.28,3500,10029.6475596577,100,0,0.29
"451",0.5,3400,9847.21775079519,-100,0,0.66
"452",0.26,3400,10094.0233539566,100,0,0.28
"453",0.24,3300,10160.5116013214,100,0,0.26
"454",0.5,3300,9780.73356079683,-100,0,0.62
"455",0.22,3200,10243.9064403139,100,0,0.24
"456",0.5,3200,9697.33384983614,-100,0,0.57
"457",0.23,3100,10339.068465244,100,0,0.22
"458",0.5,3100,9602.16996727511,-100,0,0.52
"459",0.23,3000,10451.0810862631,100,0,0.22
"460",0.5,3000,9490.19929041341,-100,0,0.52
"461",0.22,2900,10590.4350138307,100,0,0.21
"462",0.5,2900,9350.58117387444,-100,0,0.5
"463",0.5,2800,9190.44509324059,-100,0,0.43
"464",0.17,2800,10750.4787290841,100,0,0.16
"465",0.5,2700,9029.96040314808,-100,0,0.24
"466",0.12,2700,10911.554900147,100,0,0.09
"467",0.5,2600,8842.49481197819,-100,0,0.15
"468",0.1,2600,11098.0573696159,100,0,0.06
"469",0.15,2500,11142.0478340536,100,0,0.06
"470",0.5,2500,8799.42032457143,-100,0,0.13
"471",0.5,2400,8894.18527057767,-100,0,0.16
"472",0.28,2400,11046.6865677461,100,0,0.06
"473",0.5,2300,9201.00951521099,-100,0,0.3
"474",0.23,2300,10740.2628885396,100,0,0.1
"475",0.56,2200,9586.71032770351,-100,0,0.54
"476",0.21,2200,10354.3530224003,100,0,0.2
"477",0.39,2100,9980.55893210322,-100,0,0.65
"478",0.38,2100,9960.58543078601,100,0,0.28
"479",0.18,2000,10382.5594771802,-100,0,0.5
"480",0.53,2000,9558.42928824946,100,0,0.23
"481",0.1,1900,10792.8608361594,-100,0,0.3
"482",0.5,1900,9148.53203498572,100,0,0.16
"483",0.1,1800,11271.0201018974,-100,0,0.06
"484",0.5,1800,8668.92402601242,100,0,0.06
"485",0.16,1700,11606.9330702834,-100,0,0.07
"486",0.5,1700,8334.71171764284,100,0,0
"487",0.47,1600,11727.2028513253,-100,0,0.05
"488",0.5,1600,8212.4083952643,100,0,0
"489",0.5,1500,8492.61136887595,100,0,0.08
"490",0.37,1500,11449.044767186,-100,0,0.09
"491",0.53,1400,11145.5054828003,-100,0,0.32
"492",0.53,1400,8794.31105255708,100,0,0.16
"493",0.5,1300,10854.238889847,-100,0,0.45
"494",0.55,1300,9086.95923529565,100,0,0.2
"495",0.5,1200,10718.9336810187,-100,0,0.51
"496",0.82,1200,9222.25335528329,100,0,0.22
"497",0.5,1100,10683.1624808982,-100,0,0.5
"498",0.99,1100,9258.09724866971,100,0,0.22
"499",0.57,1000,10732.6738923267,-100,0,0.45
"500",0.59,1000,9208.42945101485,100,0,0.2
"501",0.52,900,10822.099553097,-100,0,0.34
"502",0.58,900,9118.71498005092,100,0,0.16
"503",0.48,800,10836.7473533601,-100,0,0.17
"504",0.49,800,9104.76962281018,100,0,0.09
"505",0.43,700,10789.4313125014,-100,0,0.19
"506",0.25,700,9151.63780376688,100,0,0.09
"507",0.4,600,10631.4677165952,-100,0,0.34
"508",0.13,600,9309.6964389421,100,0,0.18
"509",0.38,500,10431.7772964146,-100,0,0.55
"510",0.63,500,9509.45058521815,100,0,0.26
"511",0.34,400,10221.9510074221,-100,0,0.66
"512",0.36,400,9719.28660947084,100,0,0.28
"513",0.6,300,10147.3500368353,100,0,0.23
"514",0.28,300,9794.40263191238,-100,0,0.55
"515",1.22,200,10096.1947203651,100,0,0.21
"516",0.3,200,9844.42523729987,-100,0,0.49
"517",0.5,13000,9613.66548034362,200,0.1,0
"518",0.5,13000,10326.9892052431,-200,0.05,0.09
"519",0.5,12900,10908.1270440388,-200,0.1,0.14
"520",0.54,12900,9033.49411042966,200,0.1,0
"521",1.97,12800,9587.48847559653,200,0.1,0
"522",0.5,12800,10353.7556512542,-200,0.1,0.14
"523",0.5,12700,10013.7284368761,-200,0.1,0.04
"524",2,12700,9927.50061490387,200,0.1,0
"525",1.48,12600,10279.6331679225,200,0.1,0
"526",0.5,12600,9661.5763542559,-200,0.1,0.05
"527",1.2,12500,10660.7605847269,200,0.1,0
"528",0.5,12500,9280.37672733888,-200,0.1,0.06
"529",1.83,12400,11096.6510613859,200,0.1,0.04
"530",0.5,12400,8844.47179902904,-200,0.1,0.03
"531",1.15,12300,11603.2394570261,200,0.1,0.16
"532",0.5,12300,8337.63705808856,-200,0.1,0
"533",0.28,12200,11997.3077833969,200,0.1,0.28
"534",0.5,12200,7943.24166002683,-200,0.04,0
"535",0.28,12100,12145.522027771,200,0.01,0.19
"536",0.5,12100,7795.14188201725,-200,0,0
"537",1.03,12000,12261.2120857269,200,0,0.12
"538",0.5,12000,7678.38054186152,-200,0,0
"539",2,11900,11937.6954100244,200,0,0.23
"540",0.5,11900,8003.3225633048,-200,0,0
"541",1.74,11800,11813.7965720287,200,0,0.25
"542",0.5,11800,8126.49971132213,-200,0,0
"543",0.75,11700,11546.057516899,200,0,0.07
"544",0.5,11700,8394.95486509334,-200,0,0
"545",0.33,11600,11481.0439046379,200,0,0.04
"546",0.5,11600,8459.83660533838,-200,0,0
"547",0.1,11500,11554.5288371891,200,0,0.15
"548",0.5,11500,8386.64424645528,-200,0,0
"549",0.15,11400,11893.6026825178,200,0,0.23
"550",0.5,11400,8047.03317743354,-200,0,0
"551",0.32,11300,12284.734872967,200,0,0.13
"552",0.5,11300,7656.46239599213,-200,0,0
"553",0.44,11200,12243.0535536967,200,0,0.05
"554",0.5,11200,7698.13344591111,-200,0,0.01
"555",0.52,11100,11719.5551049039,200,0,0.13
"556",0.5,11100,8221.38004956022,-200,0,0
"557",0.56,11000,11339.1447210275,200,0,0.1
"558",0.5,11000,8601.94938554242,-200,0,0
"559",0.56,10900,11258.5287660025,200,0,0.07
"560",0.5,10900,8682.6143903695,-200,0,0
"561",0.53,10800,11362.929226689,200,0,0.09
"562",0.5,10800,8578.17569425702,-200,0,0
"563",0.54,10700,11566.1850364804,200,0,0.15
"564",0.5,10700,8374.81266584992,-200,0.08,0
"565",0.5,10600,8111.25713598356,-200,0.1,0
"566",0.39,10600,11829.547097519,200,0.06,0.19
"567",0.5,10500,7906.61996136233,-200,0.1,0
"568",0.41,10500,12034.5944078565,200,0.1,0.24
"569",0.49,10400,12210.9995304309,200,0.1,0.25
"570",0.5,10400,7729.11016006395,-200,0.1,0
"571",0.5,10300,7932.56854286045,-200,0.1,0
"572",0.52,10300,12008.8961729668,200,0.1,0.25
"573",0.5,10200,8270.84090803191,-200,0.1,0
"574",0.49,10200,11669.7580426894,200,0.1,0.27
"575",0.5,10100,8926.18742136285,-200,0.1,0.02
"576",0.43,10100,11015.1147072539,200,0.1,0.22
"577",0.5,10000,9549.68030244857,-200,0.1,0.27
"578",0.38,10000,10391.459394034,200,0.1,0.07
"579",0.52,9900,10125.0599543117,-200,0.1,0.35
"580",0.55,9900,9816.15308058262,200,0.1,0
"581",0.12,9800,10549.0193054862,-200,0.1,0.36
"582",0.86,9800,9392.25430907309,200,0.1,0
"583",0.13,9700,10873.6629878022,-200,0.1,0.24
"584",0.95,9700,9067.4142177552,200,0.1,0
"585",0.64,9600,8872.45466966927,200,0.1,0
"586",0.35,9600,11068.763073273,-200,0.1,0.18
"587",0.44,9500,8685.09852093831,200,0.06,0
"588",0.37,9500,11256.1652480327,-200,0.1,0.18
"589",0.54,9400,11488.8008172065,-200,0.1,0.24
"590",0.54,9400,8452.11786631122,200,0,0
"591",0.5,9300,8173.66827131808,200,0,0
"592",0.5,9300,11766.9716742523,-200,0.1,0.41
"593",0.5,9200,7881.31837174669,200,0,0
"594",0.5,9200,12059.8714212961,-200,0.04,0.55
"595",0.5,9100,7478.67103501037,200,0,0
"596",0.5,9100,12461.2940896563,-200,0,0.56
"597",0.5,9000,7207.46133285388,200,0,0
"598",0.5,9000,12733.1078275479,-200,0,0.57
"599",0.5,8900,12939.0636697076,-200,0,0.67
"600",0.5,8900,7000.63351833448,200,0,0
"601",0.5,8800,7071.79340914264,200,0,0
"602",0.5,8800,12868.6037676893,-200,0,0.67
"603",0.5,8700,7303.87425392494,200,0,0
"604",0.5,8700,12636.2658354528,-200,0,0.62
"605",0.5,8600,7724.03114696033,200,0,0
"606",0.5,8600,12216.5370056201,-200,0,0.56
"607",0.5,8500,8213.36865518801,200,0,0
"608",0.5,8500,11727.8000466228,-200,0,0.44
"609",0.5,8400,8664.83211392723,200,0,0
"610",0.5,8400,11276.0203355383,-200,0,0.35
"611",0.5,8300,9160.02467864938,200,0,0
"612",0.5,8300,10781.1707740184,-200,0,0.18
"613",0.53,8200,9603.08363194577,200,0,0
"614",0.5,8200,10338.1489947205,-200,0,0.16
"615",0.52,8100,10002.115847256,200,0,0.07
"616",0.5,8100,9939.11203801166,-200,0,0.01
"617",0.5,8000,10353.4482637327,200,0,0.1
"618",0.5,8000,9587.76436296012,-200,0,0
"619",0.45,7900,10609.6911045481,200,0,0.1
"620",0.5,7900,9331.52878703456,-200,0,0
"621",0.47,7800,10783.5921179624,200,0,0.1
"622",0.5,7800,9157.66714499891,-200,0.02,0
"623",0.49,7700,10887.6840735022,200,0.01,0.1
"624",0.5,7700,9053.57694711722,-200,0.48,0
"625",0.47,7600,10937.354869334,200,0.48,0.09
"626",0.5,7600,9003.85349394381,-200,0.5,0
"627",0.41,7500,10951.3928306121,200,0.5,0.1
"628",0.5,7500,8989.74184747599,-200,0.5,0
"629",0.41,7400,10929.807987785,200,0.5,0.12
"630",0.5,7400,9011.33064775169,-200,0.5,0
"631",0.5,7300,9069.10856373608,-200,0.5,0
"632",0.44,7300,10872.106490884,200,0.5,0.11
"633",0.5,7200,9152.96476642787,-200,0.5,0
"634",0.51,7200,10788.2761802934,200,0.5,0.1
"635",0.54,7100,10673.7708092611,200,0.5,0.09
"636",0.5,7100,9267.48163605481,-200,0.5,0
"637",0.5,7000,9401.9130439125,-200,0.5,0
"638",0.5,7000,10539.3379005864,200,0.5,0.08
"639",0.5,6900,9538.24379159138,-200,0.5,0
"640",0.5,6900,10402.9819339328,200,0.5,0.04
"641",0.5,6800,9660.4258303009,-200,0.5,0.02
"642",0.5,6800,10280.8096824959,200,0.5,0
"643",0.5,6700,10194.5695588142,200,0.5,0
"644",0.5,6700,9746.68232255429,-200,0.5,0.05
"645",0.51,6600,10180.2206608392,200,0.5,0
"646",0.5,6600,9761.02577133477,-200,0.5,0.05
"647",0.5,6500,9657.3934892118,-200,0.5,0.03
"648",0.52,6500,10283.830938343,200,0.5,0.02
"649",0.54,6400,10592.596954558,200,0.5,0.05
"650",0.5,6400,9348.6026285775,-200,0.5,0
"651",0.53,6300,11235.039345514,200,0.5,0.05
"652",0.5,6300,8705.98164832965,-200,0.5,0
"653",0.57,6200,11923.0708390698,200,0.5,0.07
"654",0.5,6200,8018.1708358489,-200,0.5,0
"655",0.51,6100,12222.9314153008,200,0.5,0.12
"656",0.5,6100,7717.77847662196,-200,0.5,0
"657",0.45,6000,11999.9865136966,200,0.5,0.21
"658",0.5,6000,7941.10381295159,-200,0.5,0
"659",0.39,5900,11730.8803182393,200,0.5,0.26
"660",0.5,5900,8209.82243020087,-200,0.5,0
"661",0.36,5800,11487.3789227307,200,0.5,0.28
"662",0.5,5800,8453.61012100428,-200,0.5,0
"663",0.45,5700,11384.3857701607,200,0.5,0.23
"664",0.5,5700,8556.38928117231,-200,0.5,0
"665",0.89,5600,11267.5839131288,200,0.49,0.25
"666",0.5,5600,8673.40527342632,-200,0.5,0
"667",0.53,5500,11152.2031838223,200,0.09,0.28
"668",0.5,5500,8789.00781011581,-200,0.5,0
"669",0.51,5400,11076.3474805467,200,0,0.2
"670",0.5,5400,8864.65789561719,-200,0.5,0
"671",0.5,5300,9108.32986423001,-200,0.5,0
"672",0.5,5300,10832.893099159,200,0,0.1
"673",0.5,5200,9397.167067606,-200,0.42,0
"674",0.5,5200,10544.0372693911,200,0,0.04
"675",0.5,5100,9813.4815081507,-200,0.07,0.08
"676",0.5,5100,10127.7326211296,200,0,0
"677",0.5,5000,10236.0425507203,-200,0,0.21
"678",0.5,5000,9705.17493455857,200,0,0
"679",0.5,4900,10609.9436696097,-200,0,0.29
"680",0.5,4900,9331.30975019187,200,0,0
"681",0.56,4800,10856.5339199044,-200,0,0.36
"682",0.5,4800,9084.74416133761,200,0.26,0
"683",0.58,4700,10987.3899746314,-200,0.14,0.4
"684",0.5,4700,8953.65871120244,200,0.55,0
"685",0.5,4600,10938.7020302266,-200,0.61,0.24
"686",0.5,4600,9002.59958612546,200,0.63,0
"687",0.5,4500,10831.4179931954,-200,0.59,0.09
"688",0.5,4500,9109.82319125906,200,0.69,0
"689",0.5,4400,10693.9216694534,-200,0.6,0.09
"690",0.5,4400,9247.24322906882,200,0.7,0
"691",0.5,4300,9402.28505992889,200,0.7,0
"692",0.5,4300,10538.9922958128,-200,0.64,0.1
"693",0.5,4200,10430.4674817398,-200,0.38,0.08
"694",0.5,4200,9510.77027322352,200,0.33,0
"695",0.5,4100,9590.92994697019,200,0,0
"696",0.5,4100,10350.2949604578,-200,0,0.07
"697",0.5,4000,9672.23221796751,200,0,0
"698",0.5,4000,10269.0197325647,-200,0,0.08
"699",0.5,3900,9741.66087853909,200,0,0
"700",0.5,3900,10199.5896093324,-200,0,0.09
"701",0.5,3800,10127.7508669868,-200,0,0.06
"702",0.5,3800,9813.4972881116,200,0,0
"703",0.5,3700,10046.1118276082,-200,0,0.03
"704",0.5,3700,9895.1379760541,200,0,0
"705",0.5,3600,9984.23678128049,200,0,0
"706",0.5,3600,9957.01068222895,-200,0,0.01
"707",0.5,3500,9852.57563120127,-200,0,0
"708",0.5,3500,10088.6714904532,200,0,0.01
"709",0.5,3400,9723.81466720626,-200,0,0
"710",0.5,3400,10217.4258735217,200,0,0.02
"711",0.5,3300,10350.3995137885,200,0,0.04
"712",0.5,3300,9590.84343278036,-200,0,0
"713",0.5,3200,10517.1896003634,200,0,0.06
"714",0.5,3200,9424.04441936314,-200,0,0
"715",0.5,3100,10707.5103498213,200,0,0.08
"716",0.5,3100,9233.7133538276,-200,0,0
"717",0.5,3000,10931.5057462305,200,0,0.08
"718",0.5,3000,9009.74215455353,-200,0,0
"719",0.5,2900,11210.3338984139,200,0,0.09
"720",0.5,2900,8730.62621847913,-200,0,0
"721",0.5,2800,8410.37842381001,-200,0,0
"722",0.59,2800,11530.4456955157,200,0,0.16
"723",0.5,2700,8089.04956540465,-200,0,0
"724",0.57,2700,11852.2385593764,200,0,0.21
"725",0.5,2600,7714.5914177075,-200,0,0
"726",0.56,2600,12225.7165329084,200,0,0.25
"727",0.77,2500,12313.1875007525,200,0,0.24
"728",0.5,2500,7627.93248177692,-200,0,0
"729",0.5,2400,7817.83352633566,-200,0,0
"730",0.52,2400,12122.8230582774,200,0,0.24
"731",0.5,2300,8431.32292280719,-200,0,0
"732",0.02,2300,11509.8427318446,200,0,0.21
"733",0.5,2200,9202.88226621225,-200,0,0
"734",0.13,2200,10738.1675824225,200,0,0.12
"735",0.5,2100,9990.54531149194,-200,0,0.06
"736",0.38,2100,9950.59838197008,200,0,0.02
"737",0.56,2000,10794.6173309125,-200,0,0.22
"738",0.5,2000,9146.3569531329,200,0,0
"739",0.44,1900,11614.941512391,-200,0,0.43
"740",0.5,1900,8326.28391008824,200,0,0
"741",0.34,1800,12571.8802449517,-200,0,0.64
"742",0.5,1800,7367.6880931966,200,0,0
"743",0.77,1700,13242.5433794111,-200,0,0.53
"744",0.5,1700,6698.1006741263,200,0,0
"745",0.58,1600,13484.1410020664,-200,0,0.57
"746",0.5,1600,6454.58703052998,200,0,0
"747",0.5,1500,7013.96791740879,200,0,0
"748",0.5,1500,12926.8696545884,-200,0,0.63
"749",0.5,1400,12320.9476279803,-200,0,0.39
"750",0.5,1400,7618.55876744911,200,0,0
"751",0.5,1300,11737.7928363755,-200,0,0.25
"752",0.5,1300,8203.23352732882,200,0,0
"753",0.5,1200,11467.2121756375,-200,0,0.2
"754",0.53,1200,8473.85507408902,200,0,0
"755",0.5,1100,11395.6447890289,-200,0,0.2
"756",0.5,1100,8545.5107745342,200,0,0
"757",0.5,1000,11494.7489026263,-200,0,0.25
"758",0.5,1000,8446.26002002507,200,0,0
"759",0.5,900,11673.7346418239,-200,0,0.37
"760",0.5,900,8266.9654956162,200,0,0
"761",0.5,800,11702.6575917937,-200,0,0.54
"762",0.5,800,8238.70213074982,200,0,0
"763",0.5,700,11608.283720661,-200,0,0.51
"764",1.09,700,8332.69025717676,200,0,0
"765",0.5,600,11292.3272513542,-200,0,0.39
"766",1.52,600,8648.79114205949,200,0,0
"767",0.5,500,10892.9310004804,-200,0,0.17
"768",0.96,500,9048.27757794969,200,0,0
"769",0.5,400,10473.2821791358,-200,0,0.02
"770",1.48,400,9467.95338317193,200,0,0.03
"771",1.97,300,10323.7712861914,200,0,0.07
"772",0.5,300,9617.87636232376,-200,0,0
"773",1.91,200,10222.0794618502,200,0,0.09
"774",0.5,200,9718.5404958427,-200,0,0
"775",0.5,13000,9435.33454911411,300,0.1,0
"776",0.5,13000,10505.320136454,-300,0.04,0
"777",0.5,12900,11376.7242906298,-300,0.1,0
"778",0.5,12900,8564.77489026263,300,0.1,0
"779",1.37,12800,9395.9213210661,300,0.1,0
"780",0.5,12800,10545.322084548,-300,0.1,0
"781",0.5,12700,10035.2854169849,-300,0.1,0
"782",2,12700,9905.94362364896,300,0.1,0
"783",2,12600,10434.1468327865,300,0.1,0
"784",0.5,12600,9507.06161231175,-300,0.1,0
"785",1.89,12500,11005.8517595865,300,0.1,0
"786",0.5,12500,8935.27597351372,-300,0.1,0
"787",1.39,12400,11659.6702420879,300,0.1,0
"788",0.5,12400,8281.40134860761,-300,0.1,0
"789",2,12300,12419.5466441922,300,0.1,0
"790",0.5,12300,7521.14304576255,-300,0.1,0
"791",1.89,12200,13010.6113467049,300,0.1,0.01
"792",0.5,12200,6929.51216162741,-300,0.01,0
"793",0.87,12100,13232.9241078822,300,0.02,0.13
"794",0.5,12100,6707.35388931073,-300,0,0
"795",0.34,12000,13406.6055954341,300,0,0.19
"796",0.5,12000,6532.35827953438,-300,0,0
"797",0.5,11900,12921.1208724552,300,0,0.08
"798",0.5,11900,7019.56160233403,-300,0,0
"799",0.43,11800,12735.4514695811,300,0,0
"800",0.5,11800,7204.5061785141,-300,0,0
"801",0.83,11700,12333.7493123263,300,0,0
"802",0.5,11700,7607.09651616216,-300,0,0
"803",0.52,11600,12236.2894153614,300,0,0
"804",0.5,11600,7704.47728490643,-300,0,0
"805",0.56,11500,12346.4300274272,300,0,0
"806",0.5,11500,7594.60314132646,-300,0,0
"807",0.54,11400,12855.1776051223,300,0,0
"808",0.5,11400,7085.32334759086,-300,0,0
"809",0.5,11300,13441.7201028857,300,0,0
"810",0.5,11300,6499.31370064616,-300,0,0
"811",0.5,11200,13379.2106274478,300,0,0
"812",0.5,11200,6561.82815247402,-300,0,0
"813",0.5,11100,12594.0660480969,300,0,0
"814",0.5,11100,7346.80346506462,-300,0,0
"815",0.5,11000,12023.4248528965,300,0,0
"816",0.5,11000,7917.63184968755,-300,0,0
"817",0.5,10900,11902.4852947816,300,0,0
"818",0.5,10900,8038.61373130605,-300,0,0
"819",0.5,10800,12059.0873077102,300,0,0
"820",0.5,10800,7881.95303724706,-300,0.03,0
"821",0.5,10700,12363.9736629426,300,0,0
"822",0.5,10700,7576.91907880455,-300,0.1,0
"823",0.5,10600,7181.61112837866,-300,0.1,0
"824",0.5,10600,12759.0310834832,300,0.04,0
"825",0.5,10500,6874.48310656101,-300,0.1,0
"826",0.5,10500,13066.4597635232,300,0.1,0
"827",0.5,10400,13331.3471065871,300,0.1,0
"828",0.5,10400,6608.51305099204,-300,0.1,0
"829",0.5,10300,6913.35147478804,-300,0.1,0
"830",0.5,10300,13027.8429199494,300,0.1,0
"831",0.5,10200,7421.05876043811,-300,0.1,0
"832",0.5,10200,12519.4344624244,300,0.1,0
"833",0.5,10100,8403.93585025147,-300,0.1,0
"834",0.5,10100,11537.3267790712,300,0.1,0
"835",0.5,10000,9339.23444633186,-300,0.1,0
"836",0.5,10000,10601.9031683877,300,0.1,0
"837",0.5,9900,10202.2863773182,-300,0.1,0
"838",0.57,9900,9738.92607258633,300,0.1,0
"839",0.48,9800,10838.2071376331,-300,0.1,0
"840",0.66,9800,9103.05976718664,300,0.1,0
"841",0.54,9700,11325.2158017531,-300,0.1,0
"842",0.7,9700,8615.842646759,300,0.1,0
"843",0.51,9600,8323.36051901802,300,0.05,0
"844",0.5,9600,11617.8190860972,-300,0.1,0
"845",0.5,9500,8042.29295774177,300,0,0
"846",0.5,9500,11898.8970867097,-300,0.1,0
"847",0.5,9400,12247.9245635793,-300,0.1,0
"848",0.5,9400,7692.90013724938,300,0,0
"849",0.5,9300,7275.27113109455,300,0,0
"850",0.5,9300,12665.2262355536,-300,0.1,0
"851",0.5,9200,6836.52320201695,300,0,0
"852",0.5,9200,13104.3527763896,-300,0.08,0
"853",0.5,9100,6232.8358145915,300,0,0
"854",0.5,9100,13706.7703966014,-300,0,0
"855",0.5,9000,5825.74321313202,300,0,0
"856",0.5,9000,14114.2448846661,-300,0,0
"857",0.5,8900,14423.3375227563,-300,0,0
"858",0.5,8900,5515.72422523424,300,0,0
"859",0.5,8800,5622.24409333989,300,0,0
"860",0.5,8800,14317.4984120876,-300,0,0
"861",0.5,8700,5970.55251352862,300,0,0
"862",0.5,8700,13969.1011048108,-300,0,0
"863",0.5,8600,6600.76048449427,300,0,0
"864",0.5,8600,13339.5014751814,-300,0,0
"865",0.5,8500,7334.66497496143,300,0,0
"866",0.5,8500,12606.3298594225,-300,0,0
"867",0.5,8400,8012.00747905485,300,0,0
"868",0.5,8400,11928.789811518,-300,0,0
"869",0.5,8300,8754.72963362839,300,0,0
"870",0.5,8300,11186.4487766521,-300,0,0
"871",0.5,8200,9419.31598528381,300,0,0
"872",0.5,8200,10521.9140294958,-300,0,0
"873",0.5,8100,10017.8666408071,300,0,0
"874",0.5,8100,9923.36118915491,-300,0,0
"875",0.5,8000,10544.8683658047,300,0,0
"876",0.5,8000,9396.34251469467,-300,0,0
"877",0.5,7900,10929.2281367984,300,0,0
"878",0.5,7900,9011.98466042988,-300,0,0
"879",0.5,7800,11190.0651994413,300,0,0
"880",0.5,7800,8751.17547718436,-300,0.17,0
"881",0.5,7700,11346.196597768,300,0,0
"882",0.5,7700,8595.03817101568,-300,0.5,0
"883",0.5,7600,11420.7164419834,300,0.39,0
"884",0.5,7600,8520.46437894367,-300,0.5,0
"885",0.5,7500,11441.7912632655,300,0.5,0
"886",0.5,7500,8499.31478862278,-300,0.5,0
"887",0.5,7400,11409.4138624836,300,0.5,0
"888",0.5,7400,8531.69785250165,-300,0.5,0
"889",0.5,7300,8618.34750012308,-300,0.5,0
"890",0.5,7300,11322.8443908375,300,0.5,0
"891",0.5,7200,8744.12814605609,-300,0.5,0
"892",0.5,7200,11197.0952669214,300,0.5,0
"893",0.5,7100,11025.337181244,300,0.5,0
"894",0.5,7100,8915.90249182843,-300,0.5,0
"895",0.5,7000,9117.55415822938,-300,0.5,0
"896",0.5,7000,10823.6905135289,300,0.5,0
"897",0.5,6900,9322.05820828676,-300,0.5,0
"898",0.5,6900,10619.1654217578,300,0.5,0
"899",0.5,6800,9505.32948479056,-300,0.5,0
"900",0.5,6800,10435.9052630179,300,0.5,0
"901",0.5,6700,10306.5411972478,300,0.5,0
"902",0.5,6700,9634.71034279466,-300,0.5,0
"903",0.5,6600,10285.0192717724,300,0.5,0
"904",0.5,6600,9656.22693744674,-300,0.5,0
"905",0.5,6500,9500.78381204978,-300,0.5,0
"906",0.5,6500,10440.4399857409,300,0.5,0
"907",0.5,6400,10903.5934902057,300,0.5,0
"908",0.5,6400,9037.60200125724,-300,0.5,0
"909",0.5,6300,11867.286239408,300,0.5,0
"910",0.5,6300,8073.6996935457,-300,0.5,0
"911",0.5,6200,12899.2432314754,300,0.5,0
"912",0.5,6200,7041.89322660863,-300,0.5,0
"913",0.5,6100,13349.1122192927,300,0.5,0
"914",0.5,6100,6591.38281128928,-300,0.5,0
"915",0.5,6000,13014.5688072033,300,0.5,0
"916",0.5,6000,6926.24475610256,-300,0.5,0
"917",0.5,5900,12611.0608725473,300,0.5,0
"918",0.5,5900,7329.45516792685,-300,0.5,0
"919",0.5,5800,12245.7368291728,300,0.5,0.03
"920",0.5,5800,7695.10249904171,-300,0.5,0
"921",0.5,5700,12091.3136163652,300,0.5,0.07
"922",0.5,5700,7849.30047018826,-300,0.5,0
"923",0.5,5600,11916.0561950468,300,0.25,0.05
"924",0.5,5600,8024.80664824322,-300,0.5,0
"925",0.5,5500,11742.9578055739,300,0,0.03
"926",0.5,5500,8198.16474500299,-300,0.5,0
"927",0.5,5400,11629.2266794704,300,0,0
"928",0.5,5400,8311.69230208173,-300,0.5,0
"929",0.5,5300,8677.17590491474,-300,0.5,0
"930",0.5,5300,11264.0207572766,300,0,0
"931",0.5,5200,9110.44452605769,-300,0.5,0
"932",0.5,5200,10830.7498287074,300,0,0
"933",0.5,5100,9734.91857846826,-300,0.35,0
"934",0.5,5100,10206.2952478863,300,0,0
"935",0.5,5000,10368.7587356418,-300,0,0
"936",0.5,5000,9572.45716295764,300,0,0
"937",0.58,4900,10929.596917741,-300,0,0
"938",0.5,4900,9011.64618712291,300,0,0
"939",0.67,4800,11299.470495861,-300,0,0
"940",0.5,4800,8641.78585810214,300,0,0
"941",0.5,4700,11495.8095804416,-300,0,0
"942",0.5,4700,8445.21268529072,300,0,0
"943",0.5,4600,11422.7145495713,-300,0,0
"944",0.5,4600,8518.55965966359,300,0,0
"945",0.5,4500,11261.8069463857,-300,0,0
"946",0.5,4500,8679.41596718878,300,0,0
"947",0.5,4400,11055.5867531225,-300,0,0
"948",0.5,4400,8885.56909260526,300,0.02,0
"949",0.5,4300,9118.10504449904,300,0.02,0
"950",0.5,4300,10823.1658983305,-300,0,0
"951",0.5,4200,10660.3905574679,-300,0,0
"952",0.5,4200,9280.84474470839,300,0.01,0
"953",0.5,4100,9401.08795930445,300,0,0
"954",0.5,4100,10540.1354794987,-300,0,0
"955",0.5,4000,9523.03490682319,300,0,0
"956",0.5,4000,10418.216178678,-300,0,0
"957",0.5,3900,9627.17847357318,300,0,0
"958",0.5,3900,10314.0715698116,-300,0,0
"959",0.5,3800,10206.3141850047,-300,0,0
"960",0.5,3800,9734.93381661549,300,0,0
"961",0.5,3700,10083.8553026356,-300,0,0
"962",0.5,3700,9857.39445502684,300,0,0
"963",0.5,3600,9991.04340430722,300,0,0
"964",0.5,3600,9950.20405667275,-300,0,0
"965",0.5,3500,9793.55163231865,-300,0,0
"966",0.5,3500,10147.695421163,300,0,0
"967",0.5,3400,9600.41158370674,-300,0,0
"968",0.5,3400,10340.8283931315,300,0,0
"969",0.5,3300,10540.2874263003,300,0,0
"970",0.5,3300,9400.95330471918,-300,0,0
"971",0.5,3200,10790.4727603123,300,0,0
"972",0.5,3200,9150.75498884171,-300,0,0
"973",0.5,3100,11075.9522343539,300,0,0
"974",0.5,3100,8865.25674038008,-300,0,0
"975",0.5,3000,11411.9304061309,300,0,0
"976",0.5,3000,8529.28501860797,-300,0,0
"977",0.5,2900,11830.2327829525,300,0,0
"978",0.5,2900,8110.67126308009,-300,0,0
"979",0.5,2800,7630.31175443903,-300,0,0
"980",0.5,2800,12310.4126619995,300,0,0
"981",0.5,2700,7148.13872763142,-300,0,0
"982",0.5,2700,12792.9222186096,300,0,0
"983",0.5,2600,6586.68802334368,-300,0,0
"984",0.5,2600,13353.3756961375,300,0,0
"985",0.5,2500,13484.3271673173,300,0,0
"986",0.5,2500,6456.44463889301,-300,0,0
"987",0.5,2400,6741.48178204149,-300,0,0
"988",0.5,2400,13198.9561426155,300,0,0
"989",0.5,2300,7661.63633041829,-300,0,0
"990",0.12,2300,12279.4259812795,300,0,0
"991",0.5,2200,8819.05420456827,-300,0,0
"992",0.03,2200,11121.9821423329,300,0,0
"993",0.5,2100,10000.5316907801,-300,0,0
"994",0.33,2100,9940.61133312434,300,0,0
"995",0.5,2000,11206.6751847453,-300,0,0
"996",0.5,2000,8734.28461796045,300,0,0
"997",0.51,1900,12437.0221887156,-300,0,0
"998",0.5,1900,7504.03578522429,300,0,0
"999",0.64,1800,13872.7403879724,-300,0,0.06
"1000",0.5,1800,6066.45216033235,300,0,0
"1001",0.5,1700,14878.1536885239,-300,0,0.18
"1002",0.5,1700,5061.4896305874,300,0,0
"1003",0.5,1600,15241.0288123228,-300,0,0.13
"1004",0.5,1600,4696.76566582173,300,0,0
"1005",0.5,1500,5535.32446602359,300,0,0
"1006",0.5,1500,14404.744882632,-300,0,0.02
"1007",0.5,1400,13496.3897731826,-300,0,0
"1008",0.5,1400,6442.80648240447,300,0,0
"1009",0.5,1300,12621.34678296,-300,0,0
"1010",0.5,1300,7319.50781936571,300,0,0
"1011",0.5,1200,12215.4906704463,-300,0,0
"1012",0.5,1200,7725.45679303259,300,0,0
"1013",0.5,1100,12108.1270971484,-300,0,0
"1014",0.5,1100,7832.92430031672,300,0,0
"1015",0.5,1000,12256.8239128776,-300,0,0
"1016",0.5,1000,7684.09058916569,300,0,0
"1017",0.5,900,12525.3697304688,-300,0,0
"1018",0.5,900,7415.21601112187,300,0,0
"1019",0.5,800,12568.5678302385,-300,0,0
"1020",0.5,800,7372.63463867083,300,0,0
"1021",0.5,700,12427.1373086832,-300,0,0
"1022",0.52,700,7513.74271059036,300,0,0
"1023",0.5,600,11953.1856061816,-300,0,0
"1024",1.66,600,7987.8858451359,300,0,0
"1025",0.5,500,11354.084704522,-300,0,0
"1026",0.14,500,8587.10457065143,300,0,0
"1027",0.5,400,10724.6133508049,-300,0,0
"1028",1.67,400,9216.62015689164,300,0,0
"1029",1.19,300,10500.1925355941,300,0,0
"1030",0.5,300,9441.35009273887,-300,0,0
"1031",1.21,200,10347.9642034359,300,0,0
"1032",0.5,200,9592.6557543613,-300,0,0
"1033",0.5,13000,9257.00361790881,400,0.05,0
"1034",0.5,13000,10683.6473864354,-400,0.02,0
"1035",0.5,12900,11845.3252184447,-400,0.1,0
"1036",0.5,12900,8096.05567001738,400,0.09,0
"1037",0.5,12800,9204.35416653566,400,0.1,0
"1038",0.5,12800,10736.8885178287,-400,0.1,0
"1039",0.5,12700,10056.8423971385,-400,0.1,0
"1040",0.68,12700,9884.38663243689,400,0.1,0
"1041",1.33,12600,10588.6604977325,400,0.1,0
"1042",0.5,12600,9352.54687030427,-400,0.1,0
"1043",1.66,12500,11350.9429344237,400,0.1,0
"1044",0.5,12500,8590.1752196867,-400,0.1,0
"1045",1.25,12400,12222.6894227993,400,0.1,0
"1046",0.5,12400,7718.3308981806,-400,0.1,0
"1047",0.85,12300,13235.8538313396,400,0.1,0
"1048",0.5,12300,6704.64903336577,-400,0.07,0
"1049",0.76,12200,14023.9250357402,400,0.1,0
"1050",0.5,12200,5915.7826632848,-400,0,0
"1051",1.19,12100,14320.3160622492,400,0.03,0
"1052",0.5,12100,5619.56589654088,-400,0,0
"1053",1.86,12000,14551.9991050877,400,0,0
"1054",0.5,12000,5386.33601722308,-400,0,0
"1055",1.05,11900,13904.5463348106,400,0,0
"1056",0.5,11900,6035.80064139026,-400,0,0
"1057",1.94,11800,13657.106367134,400,0,0
"1058",0.5,11800,6282.51264566462,-400,0,0
"1059",1.16,11700,13121.4411077294,400,0,0
"1060",0.5,11700,6819.23816722445,-400,0,0
"1061",0.5,11600,12991.5325712506,400,0,0
"1062",0.5,11600,6949.11796442606,-400,0,0
"1063",0.5,11500,13138.3335725162,400,0,0
"1064",0.5,11500,6802.56203626469,-400,0,0
"1065",0.5,11400,13816.7525278032,400,0,0
"1066",0.5,11400,6123.61351772398,-400,0,0
"1067",0.5,11300,14598.7053328101,400,0,0
"1068",0.5,11300,5342.16500532441,-400,0,0
"1069",0.5,11200,14515.3677012436,400,0,0
"1070",0.5,11200,5425.52285914868,-400,0,0
"1071",0.5,11100,13468.5776881501,400,0,0
"1072",0.5,11100,6472.22688056901,-400,0,0
"1073",0.5,11000,12707.7042878307,400,0,0
"1074",0.5,11000,7233.31431378052,-400,0,0
"1075",0.5,10900,12546.4418234341,400,0,0
"1076",0.5,10900,7394.61307213455,-400,0,0
"1077",0.5,10800,12755.2453888357,400,0,0
"1078",0.5,10800,7185.73038034514,-400,0.08,0
"1079",0.5,10700,13161.7622894421,400,0,0
"1080",0.5,10700,6779.02549176291,-400,0.1,0
"1081",0.5,10600,6251.96512068436,-400,0.1,0
"1082",0.5,10600,13688.5070765838,400,0.02,0
"1083",0.5,10500,5842.34625175595,-400,0.1,0
"1084",0.5,10500,14098.3331119642,400,0.1,0
"1085",0.5,10400,14451.6946826465,400,0.1,0
"1086",0.5,10400,5487.91594188288,-400,0.1,0
"1087",0.5,10300,5894.13440658897,-400,0.1,0
"1088",0.5,10300,14046.7896668166,400,0.1,0
"1089",0.5,10200,6571.27661281079,-400,0.1,0
"1090",0.5,10200,13369.1108821109,400,0.1,0
"1091",0.5,10100,7881.68427925929,-400,0.1,0
"1092",0.5,10100,12059.5388510413,400,0.1,0
"1093",0.5,10000,9128.78859014809,-400,0.1,0
"1094",0.5,10000,10812.3469426259,400,0.1,0
"1095",0.5,9900,10279.5128019191,-400,0.1,0
"1096",0.5,9900,9661.69906428084,400,0.1,0
"1097",0.5,9800,11127.3949681036,-400,0.1,0
"1098",0.5,9800,8813.86522559822,400,0.09,0
"1099",0.5,9700,11776.7686156519,-400,0.09,0
"1100",0.5,9700,8164.27107556537,400,0.03,0
"1101",0.5,9600,7774.26636833325,400,0,0
"1102",0.5,9600,12166.8724057376,-400,0.07,0
"1103",0.5,9500,7399.48739439994,400,0,0
"1104",0.5,9500,12541.631618347,-400,0.05,0
"1105",0.5,9400,13007.0483099297,-400,0.02,0
"1106",0.5,9400,6933.68240813911,400,0,0
"1107",0.5,9300,6376.87399087101,400,0,0
"1108",0.5,9300,13563.4807967655,-400,0.01,0
"1109",0.5,9200,5791.72803225368,400,0,0
"1110",0.5,9200,14148.8367291503,-400,0,0
"1111",0.5,9100,4987.00059408322,400,0,0
"1112",0.5,9100,14952.2441057637,-400,0,0
"1113",0.5,9000,4444.02509345487,400,0,0
"1114",0.5,9000,15495.3819418848,-400,0,0
"1115",0.5,8900,15907.6113757566,-400,0,0
"1116",0.5,8900,4030.8149321489,400,0,0
"1117",0.5,8800,4172.69477760792,400,0,0
"1118",0.5,8800,15766.393056646,-400,0,0
"1119",0.5,8700,4637.23077310994,400,0,0
"1120",0.5,8700,15301.9363741614,-400,0,0
"1121",0.5,8600,5477.48982199468,400,0,0
"1122",0.5,8600,14462.4658747409,-400,0,0
"1123",0.5,8500,6455.96129476093,400,0,0
"1124",0.5,8500,13484.8597421758,-400,0,0
"1125",0.5,8400,7359.18284414895,400,0,0
"1126",0.5,8400,12581.5592874978,-400,0,0
"1127",0.5,8300,8349.43458863255,400,0,0
"1128",0.5,8300,11591.7267793007,-400,0,0
"1129",0.5,8200,9235.54833863676,400,0,0
"1130",0.5,8200,10705.679064149,-400,0,0
"1131",0.5,8100,10033.617434389,400,0,0
"1132",0.5,8100,9907.61034033913,-400,0,0
"1133",0.5,8000,10736.2884678906,400,0,0
"1134",0.5,8000,9204.9206664525,-400,0,0
"1135",0.5,7900,11248.7651690366,400,0,0
"1136",0.5,7900,8692.44053383078,-400,0,0
"1137",0.5,7800,11596.5383854741,400,0,0
"1138",0.5,7800,8344.68380934373,-400,0.35,0
"1139",0.5,7700,11804.7090174165,400,0,0
"1140",0.5,7700,8136.49939488806,-400,0.5,0
"1141",0.5,7600,11904.0780146215,400,0.3,0
"1142",0.5,7600,8037.07526391372,-400,0.5,0
"1143",0.5,7500,11932.1896959003,400,0.5,0
"1144",0.5,7500,8008.88772972301,-400,0.5,0
"1145",0.5,7400,11889.0197372306,400,0.5,0
"1146",0.5,7400,8052.06505719945,-400,0.5,0
"1147",0.5,7300,8167.5864365492,-400,0.5,0
"1148",0.5,7300,11773.5822908692,400,0.5,0
"1149",0.5,7200,8335.29152561724,-400,0.5,0
"1150",0.5,7200,11605.9143534452,400,0.5,0
"1151",0.5,7100,11376.9035532139,400,0.5,0
"1152",0.5,7100,8564.32334753871,-400,0.5,0
"1153",0.5,7000,8833.19527256116,-400,0.5,0
"1154",0.5,7000,11108.0431265421,400,0.5,0
"1155",0.5,6900,9105.87262501568,-400,0.5,0
"1156",0.5,6900,10835.3489096388,400,0.5,0
"1157",0.5,6800,9350.2331391722,-400,0.5,0
"1158",0.5,6800,10591.000843551,400,0.5,0
"1159",0.5,6700,10418.5128357261,400,0.5,0
"1160",0.5,6700,9522.7383631058,-400,0.5,0
"1161",0.5,6600,10389.8178827427,400,0.5,0
"1162",0.5,6600,9551.42810368538,-400,0.5,0
"1163",0.5,6500,9344.17413490638,-400,0.5,0
"1164",0.5,6500,10597.0490331315,400,0.5,0
"1165",0.5,6400,11214.5900259316,400,0.5,0
"1166",0.5,6400,8726.60137392953,-400,0.5,0
"1167",0.5,6300,12499.5331332348,400,0.5,0
"1168",0.5,6300,7441.41773881018,-400,0.5,0
"1169",0.5,6200,13875.4156237505,400,0.5,0
"1170",0.5,6200,6065.61561727524,-400,0.5,0
"1171",0.5,6100,14475.2930232584,400,0.5,0
"1172",0.5,6100,5464.98714597151,-400,0.5,0
"1173",0.5,6000,14029.151100684,400,0.5,0
"1174",0.5,6000,5911.3856992349,-400,0.5,0
"1175",0.5,5900,13491.2476134896,400,0.5,0
"1176",0.5,5900,6449.0879056491,-400,0.5,0
"1177",0.5,5800,13004.0885489918,400,0.5,0
"1178",0.5,5800,6936.59487718716,-400,0.5,0
"1179",0.5,5700,12798.2436892651,400,0.45,0
"1180",0.5,5700,7142.21165903285,-400,0.5,0
"1181",0.5,5600,12564.5262502246,400,0.02,0
"1182",0.5,5600,7376.20802313834,-400,0.5,0
"1183",0.5,5500,12333.7124272808,400,0,0
"1184",0.5,5500,7607.32167984173,-400,0.5,0
"1185",0.5,5400,12182.105878517,400,0,0
"1186",0.5,5400,7758.72670867294,-400,0.5,0
"1187",0.5,5300,8246.02194554359,-400,0.5,0
"1188",0.5,5300,11695.1484153941,400,0,0
"1189",0.5,5200,8823.72198443487,-400,0.44,0
"1190",0.5,5200,11117.4623879492,400,0,0
"1191",0.5,5100,9656.35564872995,-400,0.05,0
"1192",0.5,5100,10284.8578746468,400,0,0
"1193",0.5,5000,10501.4751362875,-400,0,0
"1194",0.5,5000,9439.73939137906,400,0,0
"1195",0.58,4900,11249.2499503493,-400,0,0
"1196",0.5,4900,8691.98262416571,400,0,0
"1197",0.5,4800,11742.4070719145,-400,0,0
"1198",0.5,4800,8198.8275548704,400,0,0
"1199",0.5,4700,12004.2291862443,-400,0,0
"1200",0.5,4700,7936.76665937528,400,0,0
"1201",0.5,4600,11906.7270689085,-400,0,0
"1202",0.5,4600,8034.51973328367,400,0,0
"1203",0.5,4500,11692.1958995797,-400,0,0
"1204",0.5,4500,8249.00874313712,400,0,0
"1205",0.5,4400,11417.2518369034,-400,0,0
"1206",0.5,4400,8523.89495621994,400,0,0
"1207",0.5,4300,8833.92502905801,400,0,0
"1208",0.5,4300,11107.3395008445,-400,0,0
"1209",0.5,4200,10890.3136331514,-400,0,0
"1210",0.5,4200,9050.9192161113,400,0,0
"1211",0.5,4100,9211.24597162753,400,0,0
"1212",0.5,4100,10729.9759986028,-400,0,0
"1213",0.5,4000,9373.83759563044,400,0,0
"1214",0.5,4000,10567.412624754,-400,0,0
"1215",0.5,3900,9512.69606862962,400,0,0
"1216",0.5,3900,10428.5535302684,-400,0,0
"1217",0.5,3800,10284.8775029927,-400,0,0
"1218",0.5,3800,9656.37034517527,400,0,0
"1219",0.5,3700,10121.5987777971,-400,0,0
"1220",0.5,3700,9819.65093411505,400,0,0
"1221",0.5,3600,9997.85002739727,400,0,0
"1222",0.5,3600,9943.39743114635,-400,0,0
"1223",0.5,3500,9734.52763350308,-400,0,0
"1224",0.5,3500,10206.7193519957,400,0,0
"1225",0.5,3400,9477.00850009918,-400,0,0
"1226",0.5,3400,10464.2309127077,400,0,0
"1227",0.5,3300,10730.1753387377,400,0,0
"1228",0.5,3300,9211.06317670271,-400,0,0
"1229",0.5,3200,11063.7559202611,400,0,0
"1230",0.5,3200,8877.46555829421,-400,0,0
"1231",0.5,3100,11444.3941189423,400,0,0
"1232",0.5,3100,8496.80012695864,-400,0,0
"1233",0.5,3000,11892.3550661132,400,0,0
"1234",0.5,3000,8048.82788274437,-400,0,0
"1235",0.5,2900,12450.1316675991,400,0,0
"1236",0.5,2900,7490.71630772948,-400,0,0
"1237",0.5,2800,6850.2450850755,-400,0,0
"1238",0.5,2800,13090.3796285205,400,0,0
"1239",0.5,2700,6207.22788985819,-400,0,0
"1240",0.5,2700,13733.6060679592,400,0,0
"1241",0.5,2600,5458.78462901339,-400,0,0
"1242",0.5,2600,14481.0346693322,400,0,0
"1243",0.5,2500,14655.4668340199,400,0,0
"1244",0.5,2500,5284.95679609105,-400,0,0
"1245",0.5,2400,5665.13003779948,-400,0,0
"1246",0.5,2400,14275.0892269611,400,0,0
"1247",0.5,2300,6891.94973801449,-400,0,0
"1248",0.19,2300,13049.0092307515,400,0,0
"1249",0.5,2200,8435.22614314035,-400,0,0
"1250",0.41,2200,11505.7967023589,400,0,0
"1251",0.5,2100,10010.5180701204,-400,0,0
"1252",0.49,2100,9930.62428434566,400,0,0
"1253",0.5,2000,11618.733038459,-400,0,0
"1254",0.5,2000,8322.21228276193,400,0,0
"1255",0.5,1900,13259.1046508178,-400,0,0
"1256",0.5,1900,6681.78766033426,400,0,0
"1257",0.5,1800,15173.5987451784,-400,0,0
"1258",0.5,1800,4765.2162274681,400,0,0
"1259",0.5,1700,16513.7639975697,-400,0,0
"1260",0.5,1700,3424.87858704105,400,0,0
"1261",0.5,1600,16997.9162202552,-400,0,0
"1262",0.5,1600,2938.94430113584,400,0,0
"1263",0.5,1500,4056.68101456761,400,0,0
"1264",0.5,1500,15882.6205129251,-400,0,0
"1265",0.5,1400,14671.8319183514,-400,0,0
"1266",0.5,1400,5267.05419734865,400,0,0
"1267",0.5,1300,13504.9007295258,-400,0,0
"1268",0.5,1300,6435.78211141005,400,0,0
"1269",0.5,1200,12963.7691651434,-400,0,0
"1270",0.5,1200,6977.05851200968,400,0,0
"1271",0.5,1100,12820.6094053797,-400,0,0
"1272",0.5,1100,7120.33782619238,400,0,0
"1273",0.5,1000,13018.8989232183,-400,0,0
"1274",0.5,1000,6921.92115823925,400,0,0
"1275",0.5,900,13377.0048191398,-400,0,0
"1276",0.5,900,6563.46652667597,400,0,0
"1277",0.5,800,13434.4780686758,-400,0,0
"1278",0.5,800,6506.56714656949,400,0,0
"1279",0.5,700,13245.9908967167,-400,0,0
"1280",0.61,700,6694.79516401887,400,0,0
"1281",0.5,600,12614.0439440254,-400,0,0
"1282",1.8,600,7326.98054817878,400,0,0
"1283",0.5,500,11815.2384255156,-400,0,0
"1284",1.18,500,8125.93156339787,400,0,0
"1285",0.5,400,10975.9445224013,-400,0,0
"1286",0.77,400,8965.2869305592,400,0,0
"1287",1.27,300,10676.6137849689,400,0,0
"1288",0.5,300,9264.82382322662,-400,0,0
"1289",1.98,200,10473.8489449024,400,0,0
"1290",0.5,200,9466.77101277746,-400,0,0
"1291",0.5,13000,9078.67268674076,500,0,0
"1292",0.5,13000,10861.9325027689,-500,0.01,0
"1293",0.5,12900,12313.9682799149,-500,0.1,0
"1294",0.5,12900,7627.33644979261,500,0,0
"1295",0.5,12800,9012.78701201826,500,0.03,0
"1296",0.5,12800,10928.4549511559,-500,0.1,0
"1297",0.5,12700,10078.3993771803,-500,0.1,0
"1298",0.5,12700,9862.82964122482,500,0.07,0
"1299",0.5,12600,10743.1741626095,500,0.1,0
"1300",0.5,12600,9198.03212836385,-500,0.1,0
"1301",0.5,12500,11696.0341092609,500,0.1,0
"1302",0.5,12500,8245.07446586154,-500,0.1,0
"1303",0.5,12400,12785.7086035497,500,0.1,0
"1304",0.5,12400,7155.26044777595,-500,0.09,0
"1305",0.5,12300,14052.1610185392,500,0.1,0
"1306",0.5,12300,5888.15502100997,-500,0.02,0
"1307",0.53,12200,15037.2669311399,500,0.1,0
"1308",0.5,12200,4902.05316493288,-500,0,0
"1309",0.54,12100,15407.6798102483,500,0.04,0
"1310",0.5,12100,4531.77790379804,-500,0,0
"1311",0.55,12000,15697.3926147614,500,0,0
"1312",0.5,12000,4240.31375487777,-500,0,0
"1313",0.87,11900,14887.9717971254,500,0,0
"1314",0.5,11900,5052.03968049446,-500,0,0
"1315",1.1,11800,14578.7612646874,500,0,0
"1316",0.5,11800,5360.5191128538,-500,0,0
"1317",0.5,11700,13909.1329031698,500,0,0
"1318",0.5,11700,6031.3798182914,-500,0,0
"1319",0.5,11600,13746.7665681969,500,0,0
"1320",0.5,11600,6193.75864390284,-500,0,0
"1321",0.5,11500,13930.2462765072,500,0,0
"1322",0.5,11500,6010.52093116567,-500,0,0
"1323",0.5,11400,14778.3274505027,500,0,0
"1324",0.5,11400,5161.90368779749,-500,0,0
"1325",0.5,11300,15755.6905626804,500,0,0
"1326",0.5,11300,4185.01630999707,-500,0,0
"1327",0.5,11200,15651.52532994,500,0,0
"1328",0.5,11200,4289.2175658159,-500,0,0
"1329",0.5,11100,14343.0913967192,500,0,0
"1330",0.5,11100,5597.65029606596,-500,0,0
"1331",0.5,11000,13391.9810994267,500,0,0
"1332",0.5,11000,6548.99677796662,-500,0,0
"1333",0.5,10900,13190.3983521909,500,0,0
"1334",0.5,10900,6750.61241305247,-500,0,0
"1335",0.5,10800,13451.4034699313,500,0,0
"1336",0.5,10800,6489.50772340968,-500,0.02,0
"1337",0.5,10700,13959.550915882,500,0,0
"1338",0.5,10700,5981.13190466911,-500,0.05,0
"1339",0.5,10600,5322.31911305338,-500,0.07,0
"1340",0.5,10600,14617.9830697589,500,0,0
"1341",0.5,10500,4810.2093969509,-500,0.08,0
"1342",0.5,10500,15130.2064603716,500,0.02,0
"1343",0.5,10400,15572.0422587544,500,0.02,0
"1344",0.5,10400,4367.31883281469,-500,0.09,0
"1345",0.5,10300,4874.91733849421,-500,0.09,0
"1346",0.5,10300,15065.7364137955,500,0.03,0
"1347",0.5,10200,5721.49446522444,-500,0.09,0
"1348",0.5,10200,14218.7873018794,500,0.06,0
"1349",0.5,10100,7359.43270821869,-500,0.08,0
"1350",0.5,10100,12581.7509229667,500,0.1,0
"1351",0.5,10000,8918.34273409843,-500,0.06,0
"1352",0.5,10000,11022.7907168716,500,0.1,0
"1353",0.5,9900,10356.7392266281,-500,0.04,0
"1354",0.5,9900,9584.47202993184,500,0.08,0
"1355",0.5,9800,11416.5827986598,-500,0.01,0
"1356",0.5,9800,8524.67071028054,500,0.01,0
"1357",0.5,9700,12228.3214296438,-500,0,0
"1358",0.5,9700,7712.69950456917,500,0,0
"1359",0.5,9600,7225.17221768945,500,0,0
"1360",0.5,9600,12715.9257254712,-500,0,0
"1361",0.5,9500,6756.68183116242,500,0,0
"1362",0.5,9500,13184.3661501557,-500,0,0
"1363",0.5,9400,13766.1720563471,-500,0,0
"1364",0.5,9400,6174.46467908844,500,0,0
"1365",0.5,9300,5478.47685068846,500,0,0
"1366",0.5,9300,14461.7353580371,-500,0,0
"1367",0.5,9200,4746.93286253884,500,0,0
"1368",0.5,9200,15193.3372047991,-500,0,0
"1369",0.5,9100,3741.16537360474,500,0,0
"1370",0.5,9100,16197.7012919672,-500,0,0
"1371",0.5,9000,3062.30697379261,500,0,0
"1372",0.5,9000,16876.518999029,-500,0,0
"1373",0.5,8900,17391.8852287568,-500,0,0
"1374",0.5,8900,2545.90563902631,500,0,0
"1375",0.5,8800,2723.14546186477,500,0,0
"1376",0.5,8800,17215.2877010927,-500,0,0
"1377",0.5,8700,3303.90903266519,500,0,0
"1378",0.5,8700,16634.7716435269,-500,0,0
"1379",0.5,8600,4354.2191595044,500,0,0
"1380",0.5,8600,15585.4302743245,-500,0,0
"1381",0.5,8500,5577.25761456974,500,0,0
"1382",0.5,8500,14363.3896249589,-500,0,0
"1383",0.5,8400,6706.35820934176,500,0,0
"1384",0.5,8400,13234.3287634924,-500,0,0
"1385",0.5,8300,7944.13954365812,500,0,0
"1386",0.5,8300,11997.0047819531,-500,0,0
"1387",0.5,8200,9051.7806918649,500,0,0
"1388",0.5,8200,10889.4440988135,-500,0,0
"1389",0.5,8100,10049.3682279671,500,0,0
"1390",0.5,8100,9891.85949150473,-500,0,0
"1391",0.5,8000,10927.7085699942,500,0,0
"1392",0.5,8000,9013.49881821312,-500,0,0
"1393",0.5,7900,11568.3022012766,500,0,0
"1394",0.5,7900,8372.89640720189,-500,0.05,0
"1395",0.5,7800,12003.0115715284,500,0,0
"1396",0.5,7800,7938.19214158412,-500,0.49,0
"1397",0.5,7700,12263.2214370444,500,0,0
"1398",0.5,7700,7677.96061870456,-500,0.5,0
"1399",0.5,7600,12387.4395873137,500,0.21,0
"1400",0.5,7600,7553.68614895828,-500,0.5,0
"1401",0.5,7500,12422.5881285816,500,0.5,0
"1402",0.5,7500,7518.46067085303,-500,0.5,0
"1403",0.5,7400,12368.6256119702,500,0.5,0
"1404",0.5,7400,7572.43226195127,-500,0.5,0
"1405",0.5,7300,7716.82537294738,-500,0.5,0
"1406",0.5,7300,12224.3201908916,500,0.5,0
"1407",0.5,7200,7926.45490524545,-500,0.5,0
"1408",0.5,7200,12014.733439995,500,0.5,0
"1409",0.5,7100,11728.4699252266,500,0.5,0
"1410",0.5,7100,8212.74420320988,-500,0.5,0
"1411",0.5,7000,8548.83638685569,-500,0.5,0
"1412",0.5,7000,11392.3957394809,500,0.5,0
"1413",0.5,6900,8889.68704175204,-500,0.5,0
"1414",0.5,6900,11051.5323975272,500,0.5,0
"1415",0.5,6800,9195.13679364696,-500,0.5,0
"1416",0.5,6800,10746.0964240879,500,0.5,0
"1417",0.5,6700,10530.4844740964,500,0.5,0
"1418",0.5,6700,9410.76638340205,-500,0.5,0
"1419",0.5,6600,10494.6164936237,500,0.5,0
"1420",0.5,6600,9446.62926971167,-500,0.5,0
"1421",0.5,6500,9187.56445778534,-500,0.5,0
"1422",0.5,6500,10753.6580805704,500,0.49,0
"1423",0.5,6400,11525.5865615942,500,0.48,0
"1424",0.5,6400,8415.60074660182,-500,0.5,0
"1425",0.5,6300,13131.7800270803,500,0.5,0
"1426",0.5,6300,6809.13578404859,-500,0.5,0
"1427",0.5,6200,14851.588016063,500,0.5,0
"1428",0.5,6200,5089.33800797909,-500,0.5,0
"1429",0.5,6100,15601.4738273583,500,0.5,0
"1430",0.5,6100,4338.59148068726,-500,0.5,0
"1431",0.5,6000,15043.7333942913,500,0.5,0
"1432",0.5,6000,4896.52664242685,-500,0.5,0
"1433",0.5,5900,14371.4343545176,500,0.5,0
"1434",0.5,5900,5568.72064337507,-500,0.5,0
"1435",0.5,5800,13762.4402687214,500,0.5,0
"1436",0.5,5800,6178.08725528792,-500,0.5,0
"1437",0.5,5700,13505.1737622879,500,0.22,0
"1438",0.5,5700,6435.12284802273,-500,0.5,0
"1439",0.5,5600,13212.9963054061,500,0,0
"1440",0.5,5600,6727.60939799994,-500,0.5,0
"1441",0.5,5500,12924.4670489915,500,0,0
"1442",0.5,5500,7016.47861470655,-500,0.5,0
"1443",0.5,5400,12734.9878825508,500,0,0
"1444",0.5,5400,7205.7611152418,-500,0.5,0
"1445",0.5,5300,7814.86798622832,-500,0.45,0
"1446",0.5,5300,12126.2732685171,500,0,0
"1447",0.5,5200,8536.999442745,-500,0.08,0
"1448",0.5,5200,11404.1749471724,500,0,0
"1449",0.5,5100,9577.79271895066,-500,0,0
"1450",0.5,5100,10363.42050137,500,0,0
"1451",0.5,5000,10634.1915386133,-500,0,0
"1452",0.5,5000,9307.02161972597,500,0,0
"1453",0.5,4900,11568.9029810652,-500,0,0
"1454",0.5,4900,8372.31906123832,500,0,0
"1455",0.5,4800,12185.3436478563,-500,0,0
"1456",0.5,4800,7755.86925154552,500,0,0
"1457",0.5,4700,12512.6487921104,-500,0,0
"1458",0.5,4700,7428.32063348964,500,0,0
"1459",0.5,4600,12390.739588242,-500,0,0
"1460",0.5,4600,7550.47980681434,500,0,0
"1461",0.5,4500,12122.5848527737,-500,0,0
"1462",0.5,4500,7818.60151904076,500,0,0
"1463",0.5,4400,11778.91692058,-500,0,0
"1464",0.5,4400,8162.22081967071,500,0,0
"1465",0.5,4300,8549.74501371011,500,0,0
"1466",0.5,4300,11391.5131034032,-500,0,0
"1467",0.5,4200,11120.2367088757,-500,0,0
"1468",0.5,4200,8820.99368760362,500,0,0
"1469",0.5,4100,9021.40398401394,500,0,0
"1470",0.5,4100,10919.8165176921,-500,0,0
"1471",0.5,4000,9224.64028451964,500,0,0
"1472",0.5,4000,10716.6090709344,-500,0,0
"1473",0.5,3900,9398.21366370469,500,0,0
"1474",0.5,3900,10543.0354907364,-500,0,0
"1475",0.5,3800,10363.4408209585,-500,0,0
"1476",0.5,3800,9577.80687366799,500,0,0
"1477",0.5,3700,10159.342252925,-500,0,0
"1478",0.5,3700,9781.90741316974,500,0,0
"1479",0.5,3600,10004.6566503756,500,0,0
"1480",0.5,3600,9936.59080553055,-500,0,0
"1481",0.5,3500,9675.50363464653,-500,0,0
"1482",0.5,3500,10265.7432827763,500,0,0
"1483",0.5,3400,9353.60541654006,-500,0,0
"1484",0.5,3400,10587.6334322914,500,0,0
"1485",0.5,3300,10920.0632512011,500,0,0
"1486",0.5,3300,9021.17304858565,-500,0,0
"1487",0.5,3200,11337.0390803292,500,0,0
"1488",0.5,3200,8604.17612786219,-500,0,0
"1489",0.5,3100,11812.8360034265,500,0,0
"1490",0.5,3100,8128.34351348877,-500,0,0
"1491",0.5,3000,12372.7797260694,500,0,0
"1492",0.5,3000,7568.37074687704,-500,0,0
"1493",0.5,2900,13070.0305521861,500,0,0
"1494",0.5,2900,6870.76135234535,-500,0,0
"1495",0.5,2800,6070.17841566354,-500,0,0
"1496",0.5,2800,13870.3465949185,500,0,0
"1497",0.5,2700,5266.3170520924,-500,0,0
"1498",0.5,2700,14674.300279472,500,0,0
"1499",0.5,2600,4330.88123463094,-500,0,0
"1500",0.5,2600,15608.6832801849,500,0,0
"1501",0.5,2500,15826.606500715,500,0,0
"1502",0.5,2500,4113.46895328537,-500,0,0
"1503",0.5,2400,4588.77829352021,-500,0,0
"1504",0.5,2400,15351.2223113216,500,0,0
"1505",0.5,2300,6122.26314558089,-500,0,0
"1506",0.37,2300,13818.5924802348,500,0,0
"1507",0.5,2200,8051.39808154479,-500,0,0
"1508",0.31,2200,11889.6112622246,500,0,0
"1509",0.5,2100,10020.5044494495,-500,0,0
"1510",0.5,2100,9920.63723557442,500,0,0
"1511",0.5,2000,12030.7908922881,-500,0,0
"1512",0.5,2000,7910.13994761556,500,0,0
"1513",0.5,1900,14081.1996063888,-500,0,0
"1514",0.5,1900,5859.53953547031,500,0,0
"1515",0.5,1800,16474.4446088374,-500,0,0
"1516",0.5,1800,3463.98029459268,500,0,0
"1517",0.5,1700,18149.3743067048,-500,0,0
"1518",0.5,1700,1788.26759713143,500,0,0
"1519",0.5,1600,18754.8036280945,-500,0,0
"1520",0.5,1600,1181.12288276479,500,0,0
"1521",0.5,1500,2578.03756312653,500,0,0
"1522",0.5,1500,17360.4961433485,-500,0,0
"1523",0.5,1400,15847.2740635201,-500,0,0
"1524",0.5,1400,4091.30191226304,500,0,0
"1525",0.5,1300,14388.4528740682,-500,0,0
"1526",0.5,1300,5552.05640343577,500,0,0
"1527",0.5,1200,13712.0494618192,-500,0,0
"1528",0.5,1200,6228.66023092344,500,0,0
"1529",0.5,1100,13533.0923044086,-500,0,0
"1530",0.5,1100,6407.75135199726,500,0,0
"1531",0.5,1000,13780.97334259,-500,0,0
"1532",0.5,1000,6159.75172729418,500,0,0
"1533",0.5,900,14228.6399077773,-500,0,0
"1534",0.5,900,5711.71704223379,500,0,0
"1535",0.5,800,14300.3883070834,-500,0,0
"1536",0.5,800,5640.49965444207,500,0,0
"1537",0.5,700,14064.8444846533,-500,0,0
"1538",0.66,700,5875.84761745483,500,0,0
"1539",0.5,600,13274.9009156879,-500,0,0
"1540",1.21,600,6666.07525124215,500,0,0
"1541",0.5,500,12276.3937439639,-500,0,0
"1542",1.98,500,7664.75855612755,500,0,0
"1543",0.5,400,11227.2754629217,-500,0,0
"1544",1.98,400,8713.95370430499,500,0,0
"1545",1.63,300,10853.0350343417,500,0,0
"1546",0.5,300,9088.29755369015,-500,0,0
"1547",1.02,200,10599.7336864471,500,0,0
"1548",0.5,200,9340.88627139293,-500,0,0
